date,mechanism_family,event_kind,family_logic_label,selected_for_family,vetoed_by_family,mechanism_signal,forward_baseline_return_h3,pre_mean_abs_base_ret,pre_abs_range,trend_accel,trend_build,trend_gate_pass,stress_active,trend_block,stress_block,leverage_eligible,target_leverage,baseline_regime_on_event,baseline_asset_on_event,overlay_trend_score,overlay_equity_curve
2019-03-26,participation_divergence_instability_filter,cross_up,participation_divergence_instability_filter,1,0,1.0,-0.0008264462809920436,0.0,0.0,0.3734767525710049,0.3256899413695612,1,0,0,0,1,1.0,CASH,,0.1590232747028946,0.9999178644763861
2019-05-03,participation_divergence_instability_filter,cross_up,participation_divergence_instability_filter,0,1,0.33333333333333337,-0.004313413677158984,0.027680234211898035,0.039216745204407905,0.09629604490358569,-0.9191186255925733,0,0,1,0,0,1.0,BTC,,0.0808813744074267,1.461850074369424
2019-05-06,participation_divergence_instability_filter,cross_up,participation_divergence_instability_filter,1,0,0.8333333333333334,0.06920642000092858,0.023336351749983466,0.0417082562120541,0.1450644330850846,0.02486188000819231,1,0,0,0,1,1.0,BTC,,0.105743254415619,1.4536624934659739
2019-06-15,participation_divergence_instability_filter,cross_up,participation_divergence_instability_filter,1,0,0.8333333333333334,0.0,0.027343084927394536,0.0413143172748531,0.5686144257447955,1.2091332605809035,1,0,0,0,1,1.0,BASE,,0.4410965154455494,2.2572815900296113
2020-02-10,participation_divergence_instability_filter,cross_up,participation_divergence_instability_filter,1,0,1.0,0.19195326815604652,0.012832992735314965,0.021671899755142898,1.4374296513568945,1.1666666666666665,1,0,0,0,1,1.0,CANDIDATE,XTZ,1.0,3.464885785754177
2020-05-31,participation_divergence_instability_filter,cross_up+asset_transition,participation_divergence_instability_filter,1,0,0.6666666666666667,0.02306983183164757,0.0147503296848202,0.0287098748603753,0.5674370532666616,0.46454603729558774,1,1,0,0,0,1.0,BTC,XTZ,0.2978793706289211,3.2086461484237008
2020-06-02,participation_divergence_instability_filter,cross_up,participation_divergence_instability_filter,1,0,0.8333333333333334,0.033572845422145114,0.04469220860900003,0.05392166902984,0.24136308469557638,0.4359455636601154,1,0,0,0,1,1.0,BTC,XTZ,0.1663878810223749,3.1740915839941515
2020-06-05,participation_divergence_instability_filter,cross_up,participation_divergence_instability_filter,0,1,0.33333333333333337,0.0076878564933455795,0.03173525728395437,0.054223183161060506,0.041963498467179,-0.1594996932283044,0,0,1,0,0,1.0,BASE,XTZ,0.0068881877940705,3.292964056298565
2020-06-06,participation_divergence_instability_filter,asset_transition,participation_divergence_instability_filter,1,0,0.6666666666666667,0.013166503107622018,0.011077949765142035,0.0106130939020496,0.09212220820046611,-0.02094787549021629,0,0,0,0,0,1.0,BASE,,0.0990103959945366,3.328623996066699
2020-06-07,participation_divergence_instability_filter,asset_transition,participation_divergence_instability_filter,1,0,0.8333333333333334,-0.06448863636363644,0.009497515972309233,0.0077487393953765,0.06469651262933458,0.1987822192969797,1,0,0,0,0,1.0,BASE,XTZ,0.1637069086238712,3.3536676178885942
2020-06-13,participation_divergence_instability_filter,asset_transition,participation_divergence_instability_filter,0,1,0.33333333333333337,0.008844975622384288,0.05025589911094871,0.0497935344580621,-0.2229216793858578,0.0443030466918275,0,1,0,0,0,1.0,BTC,,-0.3507006890756696,3.0185686882929796
2020-06-14,participation_divergence_instability_filter,asset_transition,participation_divergence_instability_filter,0,1,0.33333333333333337,0.003850983676898956,0.027312055061937433,0.0602959845368604,-0.03199664483298603,-0.23522808124469932,0,1,0,0,0,1.0,BASE,XTZ,-0.3826973339086556,3.0067168631803827
2020-06-20,participation_divergence_instability_filter,asset_transition,participation_divergence_instability_filter,1,0,0.6666666666666667,0.07083465273127354,0.012838734728321267,0.010298607998044499,0.009247432729914129,0.07811129348460899,0,1,0,0,0,1.0,BASE,,-0.2733264403564823,3.0472287577729213
2020-06-21,participation_divergence_instability_filter,cross_up+asset_transition,participation_divergence_instability_filter,1,0,0.8333333333333334,-0.011851360708500236,0.010261490223461166,0.0180303415126248,0.5959675263599029,0.7596667610682006,1,0,0,0,0,1.0,BASE,XTZ,0.3226410860034206,3.267980118800717
2020-06-27,participation_divergence_instability_filter,asset_transition,participation_divergence_instability_filter,1,0,0.5,0.026941715200284433,0.020184457388405234,0.027518474746172503,0.14961351539150758,-0.2838532109056897,0,1,0,0,0,1.0,BASE,,-0.0657724268141311,3.1054525272299136
2020-06-28,participation_divergence_instability_filter,cross_up+asset_transition,participation_divergence_instability_filter,1,0,0.5,0.1821869036419168,0.022748554227765134,0.025584310552468605,0.1124913649560187,-0.0641200780249337,0,1,0,0,0,1.0,BASE,XTZ,0.0467189381418876,3.1468714468124044
2020-07-01,participation_divergence_instability_filter,cross_up,participation_divergence_instability_filter,1,0,0.8333333333333334,-0.01843165228035748,0.015817254485691733,0.013669407258605298,0.5064743603635199,0.1638727304151304,1,0,0,0,1,1.0,CANDIDATE,XTZ,0.210591668557018,3.852696138698287
2020-07-03,participation_divergence_instability_filter,cross_up,participation_divergence_instability_filter,0,1,0.33333333333333337,0.11941192927158362,0.07690100865569327,0.142634243508788,0.2030052711560944,0.345677135283166,0,0,1,0,0,1.0,CANDIDATE,XTZ,0.0497944434766641,3.842349056825944
2020-07-04,participation_divergence_instability_filter,asset_transition,participation_divergence_instability_filter,1,0,0.5,0.2911229875663095,0.0819962936145987,0.1273483886320717,0.019128267600837502,-0.1416689574795164,0,0,0,0,0,1.0,BASE,,0.0689227110775016,3.781684583127924
2020-07-05,participation_divergence_instability_filter,asset_transition,participation_divergence_instability_filter,1,0,0.6666666666666667,0.13115453439833713,0.0317503917020385,0.0244967127722905,0.5395214274244072,0.7616549661813391,1,0,0,0,0,1.0,BASE,DOGE,0.6084441385019088,4.039716633587898
2020-07-11,participation_divergence_instability_filter,asset_transition,participation_divergence_instability_filter,1,0,0.5,-0.017216524568557157,0.026225308054242533,0.058145063894237806,0.0,0.0,1,0,0,0,0,1.0,BASE,,1.0,4.640046816906137
2020-07-12,participation_divergence_instability_filter,asset_transition,participation_divergence_instability_filter,1,0,0.6666666666666667,-0.024759916492693157,0.0098687347299104,0.0090753439212414,0.0,0.0,1,0,0,0,0,1.0,BASE,,1.0,4.577170446266403
2020-07-18,participation_divergence_instability_filter,asset_transition,participation_divergence_instability_filter,1,0,0.6666666666666667,0.10300698423319865,0.012623122058140333,0.017269098938582403,0.0,0.0,1,1,0,0,0,1.0,BASE,,1.0,4.551437050285383
2020-07-19,participation_divergence_instability_filter,asset_transition,participation_divergence_instability_filter,1,0,0.6666666666666667,0.16647599677979774,0.010447904820101134,0.0107434472244648,0.0,0.0,1,1,0,0,0,1.0,BASE,,1.0,4.492428832913109
2020-07-25,participation_divergence_instability_filter,asset_transition,participation_divergence_instability_filter,1,0,0.5,0.021575562700964834,0.05044991065583177,0.07954919840918691,0.0,0.0,1,0,0,0,0,1.0,BASE,,1.0,6.560475751755626
2020-07-26,participation_divergence_instability_filter,asset_transition,participation_divergence_instability_filter,1,0,0.5,0.040195073463175746,0.04210744301231594,0.07954919840918691,0.0,0.0,1,0,0,0,0,1.0,BASE,,1.0,6.791041668047231
2020-08-01,participation_divergence_instability_filter,asset_transition,participation_divergence_instability_filter,1,0,0.5,0.057697705726560855,0.06855503567833757,0.0832091161067033,0.0,0.0,1,0,0,0,0,1.0,BASE,,1.0,8.628573250488913
2020-08-02,participation_divergence_instability_filter,asset_transition,participation_divergence_instability_filter,1,0,0.5,0.04836534665025494,0.06310933523336533,0.0832091161067033,0.0,0.0,1,0,0,0,0,1.0,BASE,,1.0,8.718391395647107
2020-08-08,participation_divergence_instability_filter,asset_transition,participation_divergence_instability_filter,1,0,0.6666666666666667,-0.010045644119681119,0.0100719286413993,0.012924976971159002,0.0,0.0,1,0,0,0,0,1.0,BASE,,1.0,9.290043161926484
2020-08-09,participation_divergence_instability_filter,asset_transition,participation_divergence_instability_filter,1,0,0.6666666666666667,-0.00949472459244638,0.0118334902409767,0.007640292172426801,0.0,0.0,1,0,0,0,0,1.0,BASE,,1.0,9.458035156016832
2020-08-15,participation_divergence_instability_filter,asset_transition,participation_divergence_instability_filter,1,0,0.6666666666666667,-0.013131559063050746,0.009370802384819833,0.016997636403270698,0.0,0.0,1,0,0,0,0,1.0,BASE,,1.0,9.653383781197395
2020-08-16,participation_divergence_instability_filter,asset_transition,participation_divergence_instability_filter,1,0,0.6666666666666667,-0.034816014487266234,0.0048023215408737,0.0061589133657897,0.0,0.0,1,0,0,0,0,1.0,BASE,,1.0,9.95335917696052
2020-08-22,participation_divergence_instability_filter,asset_transition,participation_divergence_instability_filter,1,0,0.5,-0.049402760666228396,0.015671841463912633,0.018763735058158197,0.0,0.0,1,0,0,0,0,1.0,BASE,,1.0,9.194669132416053
2020-08-23,participation_divergence_instability_filter,asset_transition,participation_divergence_instability_filter,1,0,0.5,-0.06374751943306878,0.017686025333530767,0.0157684625405621,0.0,0.0,1,0,0,0,0,1.0,BASE,,1.0,9.246077249941939
2020-08-29,participation_divergence_instability_filter,asset_transition,participation_divergence_instability_filter,1,0,0.6666666666666667,0.02461882780808522,0.0164783807246155,0.0219325301699785,0.10555473289290307,0.0,1,0,0,0,0,1.0,BASE,,1.0,9.688180459220328
2020-09-23,participation_divergence_instability_filter,cross_up,participation_divergence_instability_filter,1,0,0.8333333333333334,0.0035328678727906127,0.028073712392426665,0.035277717477903994,0.9354637256598437,0.8724735524833289,1,0,0,0,1,1.0,BASE,,0.2536942763495051,9.205180002975998
2020-10-02,participation_divergence_instability_filter,cross_up,participation_divergence_instability_filter,1,0,1.0,0.022193165756977162,0.008364613203326534,0.0100224128104752,1.1217289404915316,0.8742534305254893,1,0,0,0,1,1.0,BASE,,0.1378019126625257,9.02864502445072
2021-03-18,participation_divergence_instability_filter,cross_up,participation_divergence_instability_filter,1,0,0.8333333333333334,0.007877441361528126,0.03856508635492747,0.033733417682407896,0.8209897103896913,0.8209897103896913,1,0,0,0,1,1.0,BTC,,0.6543230437230246,69.20196739300808
2021-05-02,participation_divergence_instability_filter,tradable_transition+asset_transition,participation_divergence_instability_filter,1,0,0.6666666666666667,0.19484262059425816,0.0,0.0,0.2665983192168487,0.2380238159481926,0,1,0,0,0,1.0,CANDIDATE,XTZ,-0.220024243670493,82.04942383858697
2021-05-06,participation_divergence_instability_filter,cross_up,participation_divergence_instability_filter,1,0,0.8333333333333334,0.0,0.10242446407093436,0.1072694539567795,0.60562360862532,0.4839068754250822,1,0,0,0,1,1.0,BASE,XTZ,0.1002705551599538,98.02809634714811
2021-05-08,participation_divergence_instability_filter,asset_transition,participation_divergence_instability_filter,1,0,0.5,-0.12570500292747355,0.029355677609310668,0.088067032827932,0.05336829260444992,0.1753749836979938,0,0,0,0,0,1.0,BASE,,-0.3299780697673725,98.02809634714811
2021-05-09,participation_divergence_instability_filter,asset_transition,participation_divergence_instability_filter,1,0,0.5,-0.1270164454230821,0.0,0.0,-0.2551157310285472,-0.6853643559558734,0,0,0,0,0,1.0,BASE,XTZ,-0.5850938007959197,98.02809634714811
2021-05-15,participation_divergence_instability_filter,asset_transition,participation_divergence_instability_filter,1,0,0.5,0.0,0.0004999999999998999,0.0014999999999997,0.0,0.0,0,1,0,0,0,1.0,BASE,,-1.0,85.57691599754193
2021-05-16,participation_divergence_instability_filter,asset_transition,participation_divergence_instability_filter,1,0,0.5,0.0,0.0,0.0,0.0,0.0,0,1,0,0,0,1.0,BASE,,-1.0,85.57691599754193
2021-05-22,participation_divergence_instability_filter,asset_transition,participation_divergence_instability_filter,1,0,0.5,0.0,0.0,0.0,0.0,0.0,0,1,0,0,0,1.0,CASH,,-1.0,85.57691599754193
2021-05-23,participation_divergence_instability_filter,asset_transition,participation_divergence_instability_filter,1,0,0.5,0.0,0.0,0.0,0.0,0.0,0,1,0,0,0,1.0,CASH,,-1.0,85.57691599754193
2021-05-29,participation_divergence_instability_filter,asset_transition,participation_divergence_instability_filter,1,0,0.5,0.0,0.0,0.0,0.0,0.0,0,1,0,0,0,1.0,CASH,,-1.0,85.57691599754193
2021-05-30,participation_divergence_instability_filter,asset_transition,participation_divergence_instability_filter,1,0,0.5,0.0,0.0,0.0,0.0,0.0,0,0,0,0,0,1.0,CASH,,-1.0,85.57691599754193
2021-06-05,participation_divergence_instability_filter,asset_transition,participation_divergence_instability_filter,1,0,0.5,0.0,0.0,0.0,0.0,0.0,0,0,0,0,0,1.0,CASH,,-1.0,85.57691599754193
2021-06-06,participation_divergence_instability_filter,asset_transition,participation_divergence_instability_filter,1,0,0.5,0.0,0.0,0.0,0.0,0.0,0,0,0,0,0,1.0,CASH,,-1.0,85.57691599754193
2021-06-12,participation_divergence_instability_filter,asset_transition,participation_divergence_instability_filter,1,0,0.5,0.0,0.0,0.0,0.0,0.8333333333333334,0,0,0,0,0,1.0,CASH,,-0.1666666666666666,85.57691599754193
2021-06-13,participation_divergence_instability_filter,asset_transition,participation_divergence_instability_filter,1,0,0.5,0.0,0.0,0.0,0.0,0.012499999999997707,0,0,0,0,0,1.0,CASH,,-0.1666666666666666,85.57691599754193
2021-06-19,participation_divergence_instability_filter,asset_transition,participation_divergence_instability_filter,1,0,0.5,0.0,0.0,0.0,0.0,0.0,0,0,0,0,0,1.0,CASH,,-0.1666666666666666,85.57691599754193
2021-06-20,participation_divergence_instability_filter,asset_transition,participation_divergence_instability_filter,1,0,0.5,0.0,0.0,0.0,0.0,0.0,0,0,0,0,0,1.0,CASH,,-0.1666666666666666,85.57691599754193
2021-06-26,participation_divergence_instability_filter,asset_transition,participation_divergence_instability_filter,1,0,0.5,0.0,0.0,0.0,0.0,0.0,0,0,0,0,0,1.0,CASH,,-0.1666666666666666,85.57691599754193
2021-06-27,participation_divergence_instability_filter,asset_transition,participation_divergence_instability_filter,1,0,0.5,0.0,0.0,0.0,0.0,0.0,0,0,0,0,0,1.0,CASH,,-0.1666666666666666,85.57691599754193
2021-07-03,participation_divergence_instability_filter,asset_transition,participation_divergence_instability_filter,1,0,0.5,0.0,0.0,0.0,0.0,0.0,0,0,0,0,0,1.0,CASH,,-0.1666666666666666,85.57691599754193
2021-08-30,participation_divergence_instability_filter,cross_up,participation_divergence_instability_filter,1,0,0.8333333333333334,0.0806906738351234,0.017895129309643067,0.0449121795176638,0.5145536393811664,0.47628957840493513,1,0,0,0,1,1.0,BTC,,0.3419890767984417,86.09362275486534
2021-10-10,participation_divergence_instability_filter,cross_up,participation_divergence_instability_filter,1,0,1.0,0.04954353354433838,0.007197916293379567,0.0185034947173781,0.42586038010923677,0.3692715900905344,1,0,0,0,1,1.0,BTC,STX,0.2026049234238678,85.13765710223369
2021-10-12,participation_divergence_instability_filter,cross_up,participation_divergence_instability_filter,1,0,0.8333333333333334,0.010894083837075463,0.025082264089433603,0.046161987946433496,0.20746298681752479,0.41005917091962807,1,0,0,0,1,1.0,BTC,STX,0.1868037142342591,86.64013926102696
2021-11-19,participation_divergence_instability_filter,cross_up,participation_divergence_instability_filter,1,0,0.5,-0.016483952340911823,0.0526347594840752,0.0589848812421811,0.71912729714389,0.2199317988318738,1,1,0,1,0,1.0,BASE,,0.1877617847383829,95.58655864258412
2021-11-22,participation_divergence_instability_filter,cross_up,participation_divergence_instability_filter,1,0,0.5,0.04116262121379766,0.03422704991878837,0.013133489303607204,0.7149584871291341,0.2053750007375177,1,1,0,1,0,1.0,BASE,,0.3931367854759006,94.01091436548799
2021-11-24,participation_divergence_instability_filter,cross_up,participation_divergence_instability_filter,1,0,0.5,0.05958385699219737,0.03955174440496943,0.0458846800756116,0.7276916992867939,1.0146879836250087,1,1,0,1,0,1.0,BASE,,0.6928662819717751,98.02769156081855
2023-01-19,participation_divergence_instability_filter,cross_up,participation_divergence_instability_filter,1,0,0.8333333333333334,0.0776538457705378,0.028374256378307264,0.0376425907492838,0.5857456689027651,0.3145849885705117,1,0,0,0,1,1.0,BTC,,0.2118812172226686,98.91872902210437
2023-01-22,participation_divergence_instability_filter,cross_up+asset_transition,participation_divergence_instability_filter,1,0,0.6666666666666667,0.015547906717844118,0.03330554727432677,0.0705912348328472,0.223876433583923,-0.03666941584563979,1,0,0,0,0,1.0,BTC,,0.1752118013770288,106.60014874940448
2023-01-24,participation_divergence_instability_filter,cross_up,participation_divergence_instability_filter,1,0,1.0,0.019496847287288732,0.0058795657471892,0.0058636614001139,0.2113316334262019,0.1736972329530424,1,0,0,0,1,1.0,BTC,,0.1250326007461482,105.90649181964916
2023-01-26,participation_divergence_instability_filter,cross_up,participation_divergence_instability_filter,1,0,0.5,-0.036045722195172214,0.013490434385310633,0.0097278242835446,0.1322028939698164,0.1640473866778735,0,0,1,0,0,1.0,BTC,,0.0777483539978198,107.66947170679444
2023-01-28,participation_divergence_instability_filter,asset_transition,participation_divergence_instability_filter,1,0,0.8333333333333334,0.057886967524251265,0.007980151662006434,0.0166886345065513,0.49889705242624294,0.7063687473423784,1,0,0,0,0,1.0,BTC,,0.6519142073703819,107.79654222077791
2023-01-29,participation_divergence_instability_filter,asset_transition,participation_divergence_instability_filter,1,0,0.6666666666666667,0.07956659735142835,0.0024207492037107998,0.0005794992297711,-0.33484966574836944,0.2393161876241926,1,0,0,0,0,1.0,BASE,,0.3170645416220124,103.85248906276334
2023-02-04,participation_divergence_instability_filter,asset_transition,participation_divergence_instability_filter,1,0,0.5,0.02680327020594042,0.0142438491854799,0.004476205811980501,-0.17535354430409555,-0.17535354430409555,1,0,0,0,0,1.0,BASE,,0.8246464556959044,112.1156768444247
2023-02-05,participation_divergence_instability_filter,asset_transition,participation_divergence_instability_filter,1,0,0.5,-0.040446158657354014,0.014990497012952334,0.006716149294397802,-0.06754892392618239,-0.24290246823027795,1,0,0,0,0,1.0,BASE,,0.757097531769722,111.30349663340229
2023-02-11,participation_divergence_instability_filter,asset_transition,participation_divergence_instability_filter,1,0,0.5,0.04486301369863033,0.024587885506954232,0.0722636565208626,-0.179816197286294,-0.1931402225307336,1,1,0,0,0,1.0,BASE,,0.1895432737624289,103.59854667055599
2023-02-12,participation_divergence_instability_filter,asset_transition,participation_divergence_instability_filter,1,0,0.5,0.152364864864865,0.0072579550275773995,0.0202738650827321,-0.15950359361421862,-0.3393197909005126,0,1,0,0,0,1.0,CANDIDATE,STX,0.0300396801482103,103.44314885055016
2023-02-18,participation_divergence_instability_filter,asset_transition,participation_divergence_instability_filter,0,1,0.33333333333333337,0.5834268055340672,0.020518323606805566,0.037433799533926,-0.8188658155811416,-0.4162063906080629,0,1,0,0,0,1.0,BASE,,-0.0728475997327096,105.03420484851536
2023-02-19,participation_divergence_instability_filter,cross_up+asset_transition,participation_divergence_instability_filter,1,0,0.5,-0.08390201394527175,0.014297465898417733,0.018771226408762498,0.0912867005209242,-0.9442668785944094,0,1,0,0,0,1.0,CANDIDATE,STX,0.0184391007882146,103.49830248413141
2023-02-25,participation_divergence_instability_filter,asset_transition,participation_divergence_instability_filter,1,0,0.5,0.0263461740316997,0.018952435374001732,0.0248968902778879,0.0581433121928524,-0.1022786994766563,0,1,0,0,0,1.0,BASE,,-0.1308191078635888,104.25661095237699
2023-02-26,participation_divergence_instability_filter,asset_transition,participation_divergence_instability_filter,0,1,0.33333333333333337,0.014032103752524838,0.0241248277983077,0.0146619152398153,-0.17729922782725177,0.19358158100802136,0,1,0,0,0,1.0,BASE,STX,-0.3081183356908406,102.94341757415876
2023-03-04,participation_divergence_instability_filter,asset_transition,participation_divergence_instability_filter,0,1,0.33333333333333337,0.0,0.025525621564571933,0.0491342383897687,0.0,-0.41660681866665494,0,1,0,0,0,1.0,BASE,,-1.0,98.95367345245609
2023-04-01,participation_divergence_instability_filter,cross_up,participation_divergence_instability_filter,0,1,0.33333333333333337,-0.010096043507951458,0.022256282513486065,0.028602647017060195,0.3517395168136816,0.3370816615118251,0,0,1,0,0,1.0,BTC,,0.0436879639523695,114.12465999758017
2023-04-03,participation_divergence_instability_filter,cross_up,participation_divergence_instability_filter,1,0,0.5,0.008410791366906478,0.008633332480751833,0.0151414940505177,0.1110026550860416,0.3626304560441495,0,0,1,0,0,1.0,BTC,,0.0545789031828374,111.50654253327286
2023-04-09,participation_divergence_instability_filter,cross_up,participation_divergence_instability_filter,1,0,1.0,0.08358729971485412,0.0035102601037260667,0.0036860891241616003,0.3603516052603941,0.3389007649002425,1,0,0,0,1,1.0,BTC,,0.167725805738243,113.98459601393098
2023-04-26,participation_divergence_instability_filter,cross_up,participation_divergence_instability_filter,1,0,0.5,-0.008128180690176068,0.0135278872389638,0.021664947136095198,0.2661182948793249,0.6062723627439907,0,1,1,0,0,1.0,BASE,,0.0733251384767468,123.08945880520348
2023-05-28,participation_divergence_instability_filter,tradable_transition+asset_transition,participation_divergence_instability_filter,1,0,0.5,-0.02841642986308468,0.000623207188526,0.001869621565578,-0.11253681624406231,-0.34536448842228124,0,0,0,0,0,1.0,CANDIDATE,ICP,-0.7525113387787256,115.73747687330884
2023-06-03,participation_divergence_instability_filter,asset_transition,participation_divergence_instability_filter,0,1,0.33333333333333337,-0.04353674941910202,0.04210210638381034,0.0995411542485496,-0.10722083126356685,-0.2833245737283331,0,0,0,0,0,1.0,BASE,,-1.0,122.98154141175455
2023-06-04,participation_divergence_instability_filter,asset_transition,participation_divergence_instability_filter,0,1,0.33333333333333337,-0.05689358564757907,0.0387585108525342,0.1007541303665102,0.0,-0.1287091938616065,0,0,0,0,0,1.0,CANDIDATE,ICP,-1.0,122.39498398053793
2023-06-10,participation_divergence_instability_filter,asset_transition,participation_divergence_instability_filter,0,1,0.33333333333333337,0.0,0.0323848831692269,0.061288262885511396,0.0,0.011408008057654295,0,1,0,0,0,1.0,BASE,,-0.8946612948951919,108.28752576307119
2023-06-18,participation_divergence_instability_filter,asset_transition,participation_divergence_instability_filter,1,0,0.5,0.0,0.0,0.0,0.0,0.0,0,1,0,0,0,1.0,BASE,,-0.8946612948951919,108.28752576307119
2023-06-24,participation_divergence_instability_filter,asset_transition,participation_divergence_instability_filter,1,0,0.5,0.0,0.0,0.0,0.0,0.0,0,1,0,0,0,1.0,BASE,,-0.8946612948951919,108.28752576307119
2023-06-25,participation_divergence_instability_filter,asset_transition,participation_divergence_instability_filter,1,0,0.5,0.0,0.0,0.0,0.0,0.0,0,1,0,0,0,1.0,BASE,,-0.8946612948951919,108.28752576307119
2023-07-01,participation_divergence_instability_filter,asset_transition,participation_divergence_instability_filter,1,0,0.5,0.0059050085169964905,0.0,0.0,-0.1253243545934618,0.03733580117580948,0,0,0,0,0,1.0,BASE,,-0.7651326501731891,106.4011279110228
2023-07-02,participation_divergence_instability_filter,asset_transition,participation_divergence_instability_filter,1,0,0.6666666666666667,-0.0036652804011358953,0.005806756406937567,0.0174202692208127,0.2278992845631581,0.14959814543086347,0,0,0,0,0,1.0,BTC,,-0.537233365610031,106.5094218344277
2023-07-08,participation_divergence_instability_filter,asset_transition,participation_divergence_instability_filter,0,1,0.33333333333333337,0.011143276308807737,0.014503524438773466,0.011470519592185402,0.0,0.0,0,0,0,0,0,1.0,BTC,,-0.2122814764593757,105.3530806799211
2023-07-09,participation_divergence_instability_filter,asset_transition,participation_divergence_instability_filter,1,0,0.5,0.0072707174333763724,0.012328053013934267,0.017996933866703,0.0,0.0,0,0,0,0,0,1.0,BTC,,-0.2122814764593757,104.92199224470312
2023-07-15,participation_divergence_instability_filter,asset_transition,participation_divergence_instability_filter,0,1,0.33333333333333337,0.002344182337956857,0.026526515911272298,0.028407662010421497,-0.1032982766997731,-0.2061474640877989,0,0,0,0,0,1.0,BTC,,-0.4184289405471746,105.37009183589447
2023-11-09,participation_divergence_instability_filter,cross_up,participation_divergence_instability_filter,1,0,0.5,0.009891804303359786,0.005807814340595133,0.0090962094063698,0.1371127010725873,0.4102078592387602,0,0,1,0,0,1.0,BTC,,0.0165471803880547,126.22346331346537
2023-11-22,participation_divergence_instability_filter,cross_up,participation_divergence_instability_filter,0,1,0.33333333333333337,0.023413479988921626,0.0232058278026625,0.043205636124612104,0.44573933059501303,0.4369987396543392,0,0,1,0,0,1.0,CANDIDATE,ICP,0.031075574652458,128.65585822131274
2023-12-03,participation_divergence_instability_filter,tradable_transition+asset_transition,participation_divergence_instability_filter,1,0,0.5,0.0774719762470768,0.017350041399191267,0.0126191011591621,0.3463008838230605,0.6582818787884657,0,0,0,0,0,1.0,CANDIDATE,ICP,-0.0801663614142817,123.54975026982991
2023-12-04,participation_divergence_instability_filter,cross_up,participation_divergence_instability_filter,1,0,0.6666666666666667,0.18224730593212102,0.0116595211191664,0.014511249318921799,0.1632943187867904,0.5941168637580893,0,0,0,0,0,1.0,CANDIDATE,ICP,0.0831279573725087,132.44371782513093
2023-12-09,participation_divergence_instability_filter,asset_transition,participation_divergence_instability_filter,1,0,0.5,-0.04256129279280263,0.08773435760533856,0.1873175042325414,0.0,0.8543988916503106,1,0,0,0,0,1.0,BASE,,1.0,197.44184402485882
2024-01-07,participation_divergence_instability_filter,cross_up,participation_divergence_instability_filter,1,0,0.5,-0.013032299178037166,0.0026780809676808666,0.0031109216991961996,0.0558024975233883,-0.9843551081710283,0,0,1,0,0,1.0,BASE,STX,0.0156448918289717,198.08284302720696
2024-01-09,participation_divergence_instability_filter,cross_up,participation_divergence_instability_filter,1,0,0.8333333333333334,-0.06841521063424905,0.029200067448902467,0.0678994233729121,0.7692922524420776,0.41691017838855204,1,0,0,0,1,1.0,BASE,STX,0.3767525726941354,197.38739666252053
2024-01-14,participation_divergence_instability_filter,cross_up,participation_divergence_instability_filter,0,1,0.33333333333333337,-0.009664318422265117,0.03385431945785793,0.0678133500840832,0.4174661976495353,0.6460924277498484,0,1,1,0,0,1.0,BASE,STX,0.0029200030175555,192.8487469346221
2024-02-01,participation_divergence_instability_filter,cross_up,participation_divergence_instability_filter,1,0,1.0,0.023131825608392775,0.013520977325153167,0.0283239181219219,0.48482970547781457,0.732027766907221,1,0,0,0,1,1.0,BASE,,0.3037986963763304,193.21404270652047
2024-06-22,participation_divergence_instability_filter,cross_up,participation_divergence_instability_filter,1,0,1.0,0.0,0.0,0.0,0.4245977048280094,0.5437522479374381,1,0,0,0,1,1.0,BASE,,0.3412685203902681,296.92345758969435
2024-09-28,participation_divergence_instability_filter,cross_up,participation_divergence_instability_filter,1,0,0.5,-0.004690095846645259,0.004066386728037766,0.0115548302872061,0.0760404189434108,0.1668992128408374,0,0,1,0,0,1.0,BASE,,0.0002325461741708,302.5469725060245
2024-10-20,participation_divergence_instability_filter,cross_up+asset_transition,participation_divergence_instability_filter,1,0,0.6666666666666667,0.010476957070707282,0.006195493716845233,0.014193562376434599,0.079093890526551,0.079093890526551,0,0,0,0,0,1.0,BASE,,0.0394595313403931,309.8515477968946
2024-10-26,participation_divergence_instability_filter,asset_transition,participation_divergence_instability_filter,1,0,0.5,0.2792609296573798,0.0055502227622517665,0.012150668286756,-0.0970755289894061,-0.2276328549513835,0,0,0,0,0,1.0,BASE,,-0.0987057726940963,308.1941283800691
2024-10-27,participation_divergence_instability_filter,asset_transition,participation_divergence_instability_filter,1,0,0.6666666666666667,0.16650492166920872,0.005050222762251867,0.0136506682867557,0.005416695182016304,-0.1044255384988701,0,0,0,0,0,1.0,CANDIDATE,DOGE,-0.09328907751208,323.416636066842
2024-10-29,participation_divergence_instability_filter,cross_up,participation_divergence_instability_filter,0,1,0.33333333333333337,-0.09496190151256678,0.056207254767638326,0.1192291695549701,0.17440398822446768,0.19867360767789038,0,0,1,0,0,1.0,CANDIDATE,DOGE,0.0999678349837941,394.2607071864331
2024-11-02,participation_divergence_instability_filter,asset_transition,participation_divergence_instability_filter,0,1,0.33333333333333337,0.06543403321842689,0.027520171328597003,0.0431024678721708,0.0,-0.012858246442458005,0,1,0,0,0,1.0,BASE,,0.0593060485299724,362.3808751826172
2024-11-03,participation_divergence_instability_filter,asset_transition,participation_divergence_instability_filter,1,0,0.5,0.2977079067309596,0.0131526820378734,0.0394580461136202,0.0,0.0,0,1,0,0,0,1.0,CANDIDATE,DOGE,0.0593060485299724,362.3808751826172
2024-11-09,participation_divergence_instability_filter,cross_up+asset_transition,participation_divergence_instability_filter,1,0,0.8333333333333334,0.18449947567722336,0.009548649103403634,0.0124860830712547,0.4297526548720158,0.4481339377964706,1,1,0,0,0,1.0,BTC,,0.3681866609984339,361.69989667622514
2024-11-10,participation_divergence_instability_filter,asset_transition,participation_divergence_instability_filter,1,0,0.8333333333333334,0.09194515514050572,0.004856110594282833,0.0064019536011350004,0.5091175852413069,0.9151775556513826,1,0,0,0,0,1.0,BTC,DOGE,0.8773042462397408,379.1182482161926
2024-11-16,participation_divergence_instability_filter,asset_transition,participation_divergence_instability_filter,1,0,0.5,0.04622486589230945,0.027026096650792267,0.0375543390727033,-0.07403358106396285,0.2562961891347434,1,0,0,0,0,1.0,BASE,,0.6012281884008228,434.6948681947098
2024-11-17,participation_divergence_instability_filter,asset_transition,participation_divergence_instability_filter,1,0,0.6666666666666667,0.08361317825005687,0.0184677446116714,0.0375543390727033,0.061612175952296955,-0.05750923651908402,1,0,0,0,0,1.0,BASE,DOGE,0.6628403643531198,437.63760253235733
2024-11-23,participation_divergence_instability_filter,asset_transition,participation_divergence_instability_filter,1,0,0.5,-0.020806222346793524,0.020309275765693264,0.036900778817306995,0.0,0.0,1,0,0,0,0,1.0,BASE,,1.0,485.00059837326444
2024-11-24,participation_divergence_instability_filter,asset_transition,participation_divergence_instability_filter,1,0,0.6666666666666667,0.028319209943101997,0.006836831754624466,0.010001997547788199,-0.148991516081325,-0.148991516081325,1,0,0,0,0,1.0,BASE,DOGE,0.851008483918675,460.7751999356008
2024-11-30,participation_divergence_instability_filter,asset_transition,participation_divergence_instability_filter,1,0,0.8333333333333334,1.214640550318269,0.0106891427987513,0.0167014264912961,0.03508874640964199,0.0,1,0,0,0,0,1.0,BASE,,1.0,492.31605380158584
2024-12-01,participation_divergence_instability_filter,asset_transition,participation_divergence_instability_filter,1,0,0.6666666666666667,1.0478927944113532,0.0126688508432645,0.0107623023577565,0.0,0.0,1,0,0,0,0,1.0,BASE,DOGE,1.0,525.1054434852822
2024-12-07,participation_divergence_instability_filter,asset_transition,participation_divergence_instability_filter,1,0,0.5,-0.04304034564139658,0.023605752243677003,0.055786113382641805,0.0,0.0,1,0,0,0,0,1.0,BASE,,1.0,1190.8807627615909
2024-12-08,participation_divergence_instability_filter,asset_transition,participation_divergence_instability_filter,1,0,0.5,0.0456923491379313,0.0196986210118371,0.055786113382641805,0.0,0.0,1,0,0,0,0,1.0,BASE,DOGE,1.0,1103.9919561882114
2024-12-14,participation_divergence_instability_filter,asset_transition,participation_divergence_instability_filter,1,0,0.6666666666666667,-0.07457847398653394,0.0096104294744223,0.006506893829564,0.0,0.0,1,0,0,0,0,1.0,BASE,,1.0,1182.6654903306826
2024-12-15,participation_divergence_instability_filter,asset_transition,participation_divergence_instability_filter,1,0,0.6666666666666667,-0.10603375083534416,0.012926278835552434,0.0164544419129544,0.0,0.0,1,0,0,0,0,1.0,BASE,DOGE,1.0,1190.7757803373452
2024-12-21,participation_divergence_instability_filter,asset_transition,participation_divergence_instability_filter,1,0,0.5,0.04457922345313037,0.016256617839672166,0.0191159633022904,0.0,0.0,1,1,0,0,0,1.0,BASE,,1.0,1046.4689370737055
2024-12-22,participation_divergence_instability_filter,asset_transition,participation_divergence_instability_filter,1,0,0.5,0.009592283930677015,0.014349161676431167,0.0133935948125674,0.0,0.0,1,1,0,0,0,1.0,BASE,,1.0,1043.117994421787
2024-12-28,participation_divergence_instability_filter,asset_transition,participation_divergence_instability_filter,1,0,0.5,-0.0007617628284293243,0.02092832672879197,0.025973852577336497,0.0,0.0,1,1,0,0,0,1.0,BASE,,1.0,1030.5489911223804
2025-01-14,participation_divergence_instability_filter,cross_up,participation_divergence_instability_filter,1,0,0.8333333333333334,0.26884165614171485,0.03180156599699923,0.0496836834808605,1.2687207071259599,1.2687207071259599,1,0,0,0,1,1.0,BASE,,0.2687207071259598,1300.3045172172276
2025-07-09,participation_divergence_instability_filter,cross_up,participation_divergence_instability_filter,1,0,1.0,0.026520472373071646,0.0,0.0,0.345305049817357,0.345305049817357,1,0,0,0,1,1.0,BASE,,0.1786383831506904,1678.208315059724
2025-08-21,participation_divergence_instability_filter,cross_up,participation_divergence_instability_filter,1,0,0.8333333333333334,-0.09434672924854104,0.04818124083310227,0.0383679017728637,1.255350675033656,1.569658553771011,1,0,0,0,1,1.0,BASE,,1.0,3031.9665708484813
2025-08-29,participation_divergence_instability_filter,cross_up,participation_divergence_instability_filter,1,0,0.5,-0.009356017388764237,0.01829730975207713,0.0324803116458798,0.27917282304993163,-0.026993905039788713,1,1,0,1,0,1.0,BASE,,0.1445629643944014,2728.537829597745
