profile,decision_date,asset,state,state_weeks,history_days,max_gap_days,non_na_close_ratio,admission_train_delta_pct,admission_recent_delta_pct,admission_dd_worsen_pct,admission_trigger_days,admission_quality_score,admission_eligible
phase68_dynamic_admit_strict,2026-03-14,JST,SUSPENDED,2,2056,1,100.0,6.009348243482137,11.780821917808204,-10.481692159183964,58,50.60415105777729,True
phase68_dynamic_admit_strict,2026-03-14,ETH,SUSPENDED,4,2644,1,100.0,0.0,0.0,0.0,0,1.95,False
phase68_dynamic_admit_strict,2026-03-14,NEO,SUSPENDED,4,2644,1,100.0,0.0,0.0,0.0,0,1.95,False
phase68_dynamic_admit_strict,2026-03-14,MANA,SUSPENDED,4,2061,1,100.0,-6.760065161558181,0.0,2.1316282072803006e-14,3,-6.200081451947757,False
phase68_dynamic_admit_strict,2026-03-14,XTZ,SUSPENDED,4,2378,1,100.0,-9.046164314991167,0.0,-7.643897772742925,11,-8.25770539373896,False
phase68_dynamic_admit_strict,2026-03-14,PAXG,SUSPENDED,3,2039,1,100.0,-13.610102305152871,1.445586436653934,-12.985440681742055,20,-8.725868571479289,False
phase68_dynamic_admit_strict,2026-03-14,POL,SUSPENDED,4,562,1,100.0,-8.876138404564138,0.0,2.1316282072803006e-14,2,-8.945173005705206,False
phase68_dynamic_admit_strict,2026-03-14,SOL,SUSPENDED,2,2056,1,100.0,-13.261290646169211,0.0,2.1316282072803006e-14,9,-13.726613307711547,False
phase68_dynamic_admit_strict,2026-03-14,AVAX,SUSPENDED,4,2014,1,100.0,-14.586464001052768,0.0,2.1316282072803006e-14,6,-15.683080001315993,False
phase68_dynamic_admit_strict,2026-03-14,DOT,SUSPENDED,4,2049,1,100.0,-15.262587713346697,0.0,-3.075946824247321,3,-16.828234641683373,False
phase68_dynamic_admit_strict,2026-03-14,CHZ,SUSPENDED,4,2396,1,100.0,-17.066509592868673,0.0,-11.145954366568091,4,-18.983136991085843,False
phase68_dynamic_admit_strict,2026-03-14,BCH,SUSPENDED,1,2313,1,100.0,-20.05185703279151,0.0,-14.408441644260371,25,-20.614821290989386,False
phase68_dynamic_admit_strict,2026-03-14,BNB,SUSPENDED,4,2644,1,100.0,-21.197781710923636,0.0,-8.411457228038454,11,-23.447227138654544,False
phase68_dynamic_admit_strict,2026-03-14,DOGE,SUSPENDED,4,2459,1,100.0,-24.727351829377497,0.0,-6.658267209927583,7,-28.259189786721873,False
phase68_dynamic_admit_strict,2026-03-14,SKY,SUSPENDED,2,193,1,100.0,-27.3831010404582,-0.44164972370605016,-20.26442351715191,40,-29.6038254716909,False
phase68_dynamic_admit_strict,2026-03-14,NEAR,SUSPENDED,4,1992,1,100.0,-26.481721488042066,0.0,-8.568289363381687,8,-30.352151860052583,False
phase68_dynamic_admit_strict,2026-03-14,GNO,SUSPENDED,4,1672,1,100.0,-36.113915278583235,0.0,-17.88279607268899,16,-41.59239409822904,False
phase68_dynamic_admit_strict,2026-03-14,ZEC,WATCHLIST,19,2565,1,100.0,22.29306432535074,0.0,2.1316282072803006e-14,4,30.216330406688392,False
phase68_dynamic_admit_strict,2026-03-14,ZRO,WATCHLIST,1,647,1,100.0,4.252530172522828,0.0,2.1316282072803006e-14,11,8.365662715653503,False
phase68_dynamic_admit_strict,2026-03-14,2Z,WATCHLIST,359,178,1,100.0,0.0,0.0,0.0,0,1.95,False
phase68_dynamic_admit_strict,2026-03-14,AAVE,WATCHLIST,5,1991,1,100.0,0.0,0.0,0.0,0,1.95,False
phase68_dynamic_admit_strict,2026-03-14,ADA,WATCHLIST,5,2644,1,100.0,0.0,0.0,0.0,0,1.95,False
phase68_dynamic_admit_strict,2026-03-14,ALGO,WATCHLIST,99,2472,1,100.0,0.0,0.0,0.0,0,1.95,False
phase68_dynamic_admit_strict,2026-03-14,APT,WATCHLIST,70,1257,1,100.0,0.0,0.0,0.0,0,1.95,False
phase68_dynamic_admit_strict,2026-03-14,ARB,WATCHLIST,93,1102,1,100.0,0.0,0.0,0.0,0,1.95,False
phase68_dynamic_admit_strict,2026-03-14,ASTER,WATCHLIST,359,174,1,100.0,0.0,0.0,0.0,0,1.95,False
phase68_dynamic_admit_strict,2026-03-14,ATOM,WATCHLIST,5,2526,1,100.0,0.0,0.0,0.0,0,1.95,False
phase68_dynamic_admit_strict,2026-03-14,AXS,WATCHLIST,76,1971,1,100.0,0.0,0.0,0.0,0,1.95,False
phase68_dynamic_admit_strict,2026-03-14,BFUSD,WATCHLIST,359,228,1,100.0,0.0,0.0,0.0,0,1.95,False
phase68_dynamic_admit_strict,2026-03-14,BONK,WATCHLIST,359,835,1,100.0,0.0,0.0,0.0,0,1.95,False
phase68_dynamic_admit_strict,2026-03-14,CFX,WATCHLIST,100,1826,1,100.0,0.0,0.0,0.0,0,1.95,False
phase68_dynamic_admit_strict,2026-03-14,COMP,WATCHLIST,78,2103,1,100.0,0.0,0.0,0.0,0,1.95,False
phase68_dynamic_admit_strict,2026-03-14,CRV,WATCHLIST,100,2052,1,100.0,0.0,0.0,0.0,0,1.95,False
phase68_dynamic_admit_strict,2026-03-14,DASH,WATCHLIST,5,2558,1,100.0,0.0,0.0,0.0,0,1.95,False
phase68_dynamic_admit_strict,2026-03-14,DCR,WATCHLIST,7,2068,1,100.0,0.0,0.0,0.0,0,1.95,False
phase68_dynamic_admit_strict,2026-03-14,DEXE,WATCHLIST,123,1710,1,100.0,0.0,0.0,0.0,0,1.95,False
phase68_dynamic_admit_strict,2026-03-14,ENA,WATCHLIST,359,726,1,100.0,0.0,0.0,0.0,0,1.95,False
phase68_dynamic_admit_strict,2026-03-14,ENS,WATCHLIST,6,1600,1,100.0,0.0,0.0,0.0,0,1.95,False
phase68_dynamic_admit_strict,2026-03-14,ETC,WATCHLIST,5,2644,1,100.0,0.0,0.0,0.0,0,1.95,False
phase68_dynamic_admit_strict,2026-03-14,ETHFI,WATCHLIST,359,741,1,100.0,0.0,0.0,0.0,0,1.95,False
phase68_dynamic_admit_strict,2026-03-14,FET,WATCHLIST,95,2586,1,100.0,0.0,0.0,0.0,0,1.95,False
phase68_dynamic_admit_strict,2026-03-14,FF,WATCHLIST,359,181,1,100.0,0.0,0.0,0.0,0,1.95,False
phase68_dynamic_admit_strict,2026-03-14,FIL,WATCHLIST,90,1991,1,100.0,0.0,0.0,0.0,0,1.95,False
phase68_dynamic_admit_strict,2026-03-14,FLOKI,WATCHLIST,101,1059,1,100.0,0.0,0.0,0.0,0,1.95,False
phase68_dynamic_admit_strict,2026-03-14,FRAX,WATCHLIST,359,73,1,100.0,0.0,0.0,0.0,0,1.95,False
phase68_dynamic_admit_strict,2026-03-14,GRT,WATCHLIST,5,1928,1,100.0,0.0,0.0,0.0,0,1.95,False
phase68_dynamic_admit_strict,2026-03-14,HBAR,WATCHLIST,79,2373,1,100.0,0.0,0.0,0.0,0,1.95,False
phase68_dynamic_admit_strict,2026-03-14,ICP,WATCHLIST,5,1783,1,100.0,0.0,0.0,0.0,0,1.95,False
phase68_dynamic_admit_strict,2026-03-14,INJ,WATCHLIST,47,1985,1,100.0,0.0,0.0,0.0,0,1.95,False
phase68_dynamic_admit_strict,2026-03-14,IOTA,WATCHLIST,15,2644,1,100.0,0.0,0.0,0.0,0,1.95,False
phase68_dynamic_admit_strict,2026-03-14,JASMY,WATCHLIST,93,1588,1,100.0,0.0,0.0,0.0,0,1.95,False
phase68_dynamic_admit_strict,2026-03-14,JUP,WATCHLIST,43,788,1,100.0,0.0,0.0,0.0,0,1.95,False
phase68_dynamic_admit_strict,2026-03-14,KAIA,WATCHLIST,359,514,1,100.0,0.0,0.0,0.0,0,1.95,False
phase68_dynamic_admit_strict,2026-03-14,KITE,WATCHLIST,359,146,1,100.0,0.0,0.0,0.0,0,1.95,False
phase68_dynamic_admit_strict,2026-03-14,LDO,WATCHLIST,117,1420,1,100.0,0.0,0.0,0.0,0,1.95,False
phase68_dynamic_admit_strict,2026-03-14,LINK,WATCHLIST,25,2629,1,100.0,0.0,0.0,0.0,0,1.95,False
phase68_dynamic_admit_strict,2026-03-14,LTC,WATCHLIST,4,2644,1,100.0,0.0,0.0,0.0,0,1.95,False
phase68_dynamic_admit_strict,2026-03-14,MORPHO,WATCHLIST,359,177,1,100.0,0.0,0.0,0.0,0,1.95,False
phase68_dynamic_admit_strict,2026-03-14,NEXO,WATCHLIST,15,1430,1,100.0,0.0,0.0,0.0,0,1.95,False
phase68_dynamic_admit_strict,2026-03-14,NIGHT,WATCHLIST,359,18,1,100.0,0.0,0.0,0.0,0,1.95,False
phase68_dynamic_admit_strict,2026-03-14,ONDO,WATCHLIST,5,352,1,100.0,0.0,0.0,0.0,0,1.95,False
phase68_dynamic_admit_strict,2026-03-14,PENDLE,WATCHLIST,6,1000,1,100.0,0.0,0.0,0.0,0,1.95,False
phase68_dynamic_admit_strict,2026-03-14,PENGU,WATCHLIST,359,467,1,100.0,0.0,0.0,0.0,0,1.95,False
phase68_dynamic_admit_strict,2026-03-14,PEPE,WATCHLIST,359,1059,1,100.0,0.0,0.0,0.0,0,1.95,False
phase68_dynamic_admit_strict,2026-03-14,PUMP,WATCHLIST,359,199,1,100.0,0.0,0.0,0.0,0,1.95,False
phase68_dynamic_admit_strict,2026-03-14,PYTH,WATCHLIST,48,786,1,100.0,0.0,0.0,0.0,0,1.95,False
phase68_dynamic_admit_strict,2026-03-14,QNT,WATCHLIST,8,1704,1,100.0,0.0,0.0,0.0,0,1.95,False
phase68_dynamic_admit_strict,2026-03-14,RENDER,WATCHLIST,359,611,1,100.0,0.0,0.0,0.0,0,1.95,False
phase68_dynamic_admit_strict,2026-03-14,RLUSD,WATCHLIST,359,66,1,100.0,0.0,0.0,0.0,0,1.95,False
phase68_dynamic_admit_strict,2026-03-14,S,WATCHLIST,359,437,1,100.0,0.0,0.0,0.0,0,1.95,False
phase68_dynamic_admit_strict,2026-03-14,SAND,WATCHLIST,5,2053,1,100.0,0.0,0.0,0.0,0,1.95,False
phase68_dynamic_admit_strict,2026-03-14,SEI,WATCHLIST,359,957,1,100.0,0.0,0.0,0.0,0,1.95,False
phase68_dynamic_admit_strict,2026-03-14,SHIB,WATCHLIST,5,1784,1,100.0,0.0,0.0,0.0,0,1.95,False
phase68_dynamic_admit_strict,2026-03-14,STRK,WATCHLIST,359,768,1,100.0,0.0,0.0,0.0,0,1.95,False
phase68_dynamic_admit_strict,2026-03-14,STX,WATCHLIST,5,2347,1,100.0,0.0,0.0,0.0,0,1.95,False
phase68_dynamic_admit_strict,2026-03-14,SUI,WATCHLIST,93,1061,1,100.0,0.0,0.0,0.0,0,1.95,False
phase68_dynamic_admit_strict,2026-03-14,SYRUP,WATCHLIST,359,327,1,100.0,0.0,0.0,0.0,0,1.95,False
phase68_dynamic_admit_strict,2026-03-14,TAO,WATCHLIST,359,717,1,100.0,0.0,0.0,0.0,0,1.95,False
phase68_dynamic_admit_strict,2026-03-14,THETA,WATCHLIST,5,2545,1,100.0,0.0,0.0,0.0,0,1.95,False
phase68_dynamic_admit_strict,2026-03-14,TIA,WATCHLIST,359,880,1,100.0,0.0,0.0,0.0,0,1.95,False
phase68_dynamic_admit_strict,2026-03-14,TON,WATCHLIST,43,598,1,100.0,0.0,0.0,0.0,0,1.95,False
phase68_dynamic_admit_strict,2026-03-14,TRUMP,WATCHLIST,359,434,1,100.0,0.0,0.0,0.0,0,1.95,False
phase68_dynamic_admit_strict,2026-03-14,TWT,WATCHLIST,45,1887,1,100.0,0.0,0.0,0.0,0,1.95,False
phase68_dynamic_admit_strict,2026-03-14,UNI,WATCHLIST,2,2019,1,100.0,0.0,0.0,0.0,0,1.95,False
phase68_dynamic_admit_strict,2026-03-14,VET,WATCHLIST,103,2644,1,100.0,0.0,0.0,0.0,0,1.95,False
phase68_dynamic_admit_strict,2026-03-14,VIRTUAL,WATCHLIST,359,352,1,100.0,0.0,0.0,0.0,0,1.95,False
phase68_dynamic_admit_strict,2026-03-14,WAL,WATCHLIST,359,170,1,100.0,0.0,0.0,0.0,0,1.95,False
phase68_dynamic_admit_strict,2026-03-14,WIF,WATCHLIST,359,754,1,100.0,0.0,0.0,0.0,0,1.95,False
phase68_dynamic_admit_strict,2026-03-14,WLD,WATCHLIST,359,979,1,100.0,0.0,0.0,0.0,0,1.95,False
phase68_dynamic_admit_strict,2026-03-14,XAUT,WATCHLIST,359,3,1,100.0,0.0,0.0,0.0,0,1.95,False
phase68_dynamic_admit_strict,2026-03-14,XLM,WATCHLIST,64,2644,1,100.0,0.0,0.0,0.0,0,1.95,False
phase68_dynamic_admit_strict,2026-03-14,XPL,WATCHLIST,359,185,1,100.0,0.0,0.0,0.0,0,1.95,False
phase68_dynamic_admit_strict,2026-03-14,XRP,WATCHLIST,5,2644,1,100.0,0.0,0.0,0.0,0,1.95,False
phase68_dynamic_admit_strict,2026-03-14,ZK,WATCHLIST,359,650,1,100.0,0.0,0.0,0.0,0,1.95,False
phase68_dynamic_admit_strict,2026-03-14,LUNC,WATCHLIST,48,1297,1,100.0,-0.08425854816029954,-0.07251631617113397,0.0,3,1.9271278662862237,False
phase68_dynamic_admit_strict,2026-03-14,SUN,WATCHLIST,4,2015,4,100.0,0.0,0.0,0.0,0,1.8,False
phase68_dynamic_admit_strict,2026-03-14,TRX,WATCHLIST,1,2644,1,100.0,-7.107134533579963,0.0,-4.583294614749899,4,-6.533918166974954,False
phase68_dynamic_admit_strict,2026-03-14,WLFI,WATCHLIST,1,209,1,100.0,-11.43088972270203,0.0,-9.865976000251841,16,-10.73861215337754,False
phase68_dynamic_admit_strict,2026-03-14,CAKE,WATCHLIST,1,1864,1,100.0,-16.036307643506696,0.0,-3.684555013480395,3,-17.795384554383368,False
phase68_dynamic_admit_strict,2026-03-14,OP,WATCHLIST,1,1397,1,100.0,-22.65050689556962,0.0,-8.887284933068209,3,-26.063133619462025,False
