decision_date,period_start,period_end,prev_governed_asset,governed_asset,execution_day,execution_source
2020-08-02,2020-08-03,2020-08-08,ADA,ETH,2020-08-03,period_start
2020-08-09,2020-08-10,2020-08-15,ETH,LINK,2020-08-10,period_start
2021-05-02,2021-05-03,2021-05-08,LINK,ETH,2021-05-03,period_start
2023-02-26,2023-02-27,2023-03-04,ETH,TRX,2023-02-27,period_start
2023-07-23,2023-07-24,2023-07-29,TRX,LINK,2023-07-24,period_start
2023-11-19,2023-11-20,2023-11-25,LINK,TRX,2023-11-20,period_start
2023-12-03,2023-12-04,2023-12-09,TRX,LINK,2023-12-04,period_start
2024-07-28,2024-07-29,2024-08-03,LINK,TRX,2024-07-29,period_start
2024-10-20,2024-10-21,2024-10-26,TRX,DOGE,2024-10-21,period_start
