profile,decision_date,asset,history_days,max_gap_days,non_na_close_ratio,admission_train_delta_pct,admission_recent_delta_pct,admission_dd_worsen_pct,admission_trigger_days,admission_quality_score,admission_eligible,admission_failing,state,state_prev,fail_streaks,pass_streaks,suspended_now
phase68b_dynamic_repair_tight5,2026-03-14,ZEC,2565,1,100.0,22.29306432535074,0.0,2.1316282072803006e-14,4,30.216330406688396,True,False,APPROVED,APPROVED,0,43,False
phase68b_dynamic_repair_tight5,2026-03-14,ZRO,647,1,100.0,4.252530172522828,0.0,2.1316282072803006e-14,11,8.365662715653508,True,False,APPROVED,APPROVED,0,8,False
phase68b_dynamic_repair_tight5,2026-03-14,JST,2056,1,100.0,6.009348243482137,11.780821917808204,-10.481692159183964,58,50.60415105777729,True,False,SUSPENDED,SUSPENDED,0,1,True
phase68b_dynamic_repair_tight5,2026-03-14,2Z,178,1,100.0,0.0,0.0,0.0,0,1.95,False,True,SUSPENDED,SUSPENDED,359,0,True
phase68b_dynamic_repair_tight5,2026-03-14,AAVE,1991,1,100.0,0.0,0.0,0.0,0,1.95,False,True,SUSPENDED,SUSPENDED,34,0,True
phase68b_dynamic_repair_tight5,2026-03-14,ADA,2644,1,100.0,0.0,0.0,0.0,0,1.95,False,True,SUSPENDED,SUSPENDED,1,0,True
phase68b_dynamic_repair_tight5,2026-03-14,ALGO,2472,1,100.0,0.0,0.0,0.0,0,1.95,False,True,SUSPENDED,SUSPENDED,79,0,True
phase68b_dynamic_repair_tight5,2026-03-14,APT,1257,1,100.0,0.0,0.0,0.0,0,1.95,False,True,SUSPENDED,SUSPENDED,50,0,True
phase68b_dynamic_repair_tight5,2026-03-14,ARB,1102,1,100.0,0.0,0.0,0.0,0,1.95,False,True,SUSPENDED,SUSPENDED,93,0,True
phase68b_dynamic_repair_tight5,2026-03-14,ASTER,174,1,100.0,0.0,0.0,0.0,0,1.95,False,True,SUSPENDED,SUSPENDED,359,0,True
phase68b_dynamic_repair_tight5,2026-03-14,ATOM,2526,1,100.0,0.0,0.0,0.0,0,1.95,False,True,SUSPENDED,SUSPENDED,80,0,True
phase68b_dynamic_repair_tight5,2026-03-14,AXS,1971,1,100.0,0.0,0.0,0.0,0,1.95,False,True,SUSPENDED,SUSPENDED,80,0,True
phase68b_dynamic_repair_tight5,2026-03-14,BFUSD,228,1,100.0,0.0,0.0,0.0,0,1.95,False,True,SUSPENDED,SUSPENDED,359,0,True
phase68b_dynamic_repair_tight5,2026-03-14,BONK,835,1,100.0,0.0,0.0,0.0,0,1.95,False,True,SUSPENDED,SUSPENDED,359,0,True
phase68b_dynamic_repair_tight5,2026-03-14,CFX,1826,1,100.0,0.0,0.0,0.0,0,1.95,False,True,SUSPENDED,SUSPENDED,80,0,True
phase68b_dynamic_repair_tight5,2026-03-14,COMP,2103,1,100.0,0.0,0.0,0.0,0,1.95,False,True,SUSPENDED,SUSPENDED,80,0,True
phase68b_dynamic_repair_tight5,2026-03-14,CRV,2052,1,100.0,0.0,0.0,0.0,0,1.95,False,True,SUSPENDED,SUSPENDED,80,0,True
phase68b_dynamic_repair_tight5,2026-03-14,DASH,2558,1,100.0,0.0,0.0,0.0,0,1.95,False,True,SUSPENDED,SUSPENDED,2,0,True
phase68b_dynamic_repair_tight5,2026-03-14,DCR,2068,1,100.0,0.0,0.0,0.0,0,1.95,False,True,SUSPENDED,SUSPENDED,80,0,True
phase68b_dynamic_repair_tight5,2026-03-14,DEXE,1710,1,100.0,0.0,0.0,0.0,0,1.95,False,True,SUSPENDED,SUSPENDED,124,0,True
phase68b_dynamic_repair_tight5,2026-03-14,ENA,726,1,100.0,0.0,0.0,0.0,0,1.95,False,True,SUSPENDED,SUSPENDED,359,0,True
phase68b_dynamic_repair_tight5,2026-03-14,ENS,1600,1,100.0,0.0,0.0,0.0,0,1.95,False,True,SUSPENDED,SUSPENDED,33,0,True
phase68b_dynamic_repair_tight5,2026-03-14,ETC,2644,1,100.0,0.0,0.0,0.0,0,1.95,False,True,SUSPENDED,SUSPENDED,34,0,True
phase68b_dynamic_repair_tight5,2026-03-14,ETH,2644,1,100.0,0.0,0.0,0.0,0,1.95,False,True,SUSPENDED,PROBATION,4,0,True
phase68b_dynamic_repair_tight5,2026-03-14,ETHFI,741,1,100.0,0.0,0.0,0.0,0,1.95,False,True,SUSPENDED,SUSPENDED,359,0,True
phase68b_dynamic_repair_tight5,2026-03-14,FET,2586,1,100.0,0.0,0.0,0.0,0,1.95,False,True,SUSPENDED,SUSPENDED,99,0,True
phase68b_dynamic_repair_tight5,2026-03-14,FF,181,1,100.0,0.0,0.0,0.0,0,1.95,False,True,SUSPENDED,SUSPENDED,359,0,True
phase68b_dynamic_repair_tight5,2026-03-14,FIL,1991,1,100.0,0.0,0.0,0.0,0,1.95,False,True,SUSPENDED,SUSPENDED,82,0,True
phase68b_dynamic_repair_tight5,2026-03-14,FLOKI,1059,1,100.0,0.0,0.0,0.0,0,1.95,False,True,SUSPENDED,SUSPENDED,81,0,True
phase68b_dynamic_repair_tight5,2026-03-14,GRT,1928,1,100.0,0.0,0.0,0.0,0,1.95,False,True,SUSPENDED,SUSPENDED,81,0,True
phase68b_dynamic_repair_tight5,2026-03-14,HBAR,2373,1,100.0,0.0,0.0,0.0,0,1.95,False,True,SUSPENDED,SUSPENDED,83,0,True
phase68b_dynamic_repair_tight5,2026-03-14,ICP,1783,1,100.0,0.0,0.0,0.0,0,1.95,False,True,SUSPENDED,SUSPENDED,51,0,True
phase68b_dynamic_repair_tight5,2026-03-14,INJ,1985,1,100.0,0.0,0.0,0.0,0,1.95,False,True,SUSPENDED,SUSPENDED,48,0,True
phase68b_dynamic_repair_tight5,2026-03-14,IOTA,2644,1,100.0,0.0,0.0,0.0,0,1.95,False,True,SUSPENDED,SUSPENDED,136,0,True
phase68b_dynamic_repair_tight5,2026-03-14,JASMY,1588,1,100.0,0.0,0.0,0.0,0,1.95,False,True,SUSPENDED,SUSPENDED,97,0,True
phase68b_dynamic_repair_tight5,2026-03-14,JUP,788,1,100.0,0.0,0.0,0.0,0,1.95,False,True,SUSPENDED,SUSPENDED,359,0,True
phase68b_dynamic_repair_tight5,2026-03-14,KAIA,514,1,100.0,0.0,0.0,0.0,0,1.95,False,True,SUSPENDED,SUSPENDED,359,0,True
phase68b_dynamic_repair_tight5,2026-03-14,KITE,146,1,100.0,0.0,0.0,0.0,0,1.95,False,True,SUSPENDED,SUSPENDED,359,0,True
phase68b_dynamic_repair_tight5,2026-03-14,LDO,1420,1,100.0,0.0,0.0,0.0,0,1.95,False,True,SUSPENDED,SUSPENDED,97,0,True
phase68b_dynamic_repair_tight5,2026-03-14,LINK,2629,1,100.0,0.0,0.0,0.0,0,1.95,False,True,SUSPENDED,SUSPENDED,5,0,True
phase68b_dynamic_repair_tight5,2026-03-14,LTC,2644,1,100.0,0.0,0.0,0.0,0,1.95,False,True,SUSPENDED,SUSPENDED,4,0,True
phase68b_dynamic_repair_tight5,2026-03-14,MORPHO,177,1,100.0,0.0,0.0,0.0,0,1.95,False,True,SUSPENDED,SUSPENDED,359,0,True
phase68b_dynamic_repair_tight5,2026-03-14,NEO,2644,1,100.0,0.0,0.0,0.0,0,1.95,False,True,SUSPENDED,SUSPENDED,2,0,True
phase68b_dynamic_repair_tight5,2026-03-14,NEXO,1430,1,100.0,0.0,0.0,0.0,0,1.95,False,True,SUSPENDED,SUSPENDED,69,0,True
phase68b_dynamic_repair_tight5,2026-03-14,NIGHT,18,1,100.0,0.0,0.0,0.0,0,1.95,False,True,SUSPENDED,SUSPENDED,359,0,True
phase68b_dynamic_repair_tight5,2026-03-14,ONDO,352,1,100.0,0.0,0.0,0.0,0,1.95,False,True,SUSPENDED,SUSPENDED,7,0,True
phase68b_dynamic_repair_tight5,2026-03-14,PENDLE,1000,1,100.0,0.0,0.0,0.0,0,1.95,False,True,SUSPENDED,SUSPENDED,48,0,True
phase68b_dynamic_repair_tight5,2026-03-14,PENGU,467,1,100.0,0.0,0.0,0.0,0,1.95,False,True,SUSPENDED,SUSPENDED,359,0,True
phase68b_dynamic_repair_tight5,2026-03-14,PEPE,1059,1,100.0,0.0,0.0,0.0,0,1.95,False,True,SUSPENDED,SUSPENDED,359,0,True
phase68b_dynamic_repair_tight5,2026-03-14,PUMP,199,1,100.0,0.0,0.0,0.0,0,1.95,False,True,SUSPENDED,SUSPENDED,359,0,True
phase68b_dynamic_repair_tight5,2026-03-14,PYTH,786,1,100.0,0.0,0.0,0.0,0,1.95,False,True,SUSPENDED,SUSPENDED,359,0,True
phase68b_dynamic_repair_tight5,2026-03-14,QNT,1704,1,100.0,0.0,0.0,0.0,0,1.95,False,True,SUSPENDED,SUSPENDED,17,0,True
phase68b_dynamic_repair_tight5,2026-03-14,RENDER,611,1,100.0,0.0,0.0,0.0,0,1.95,False,True,SUSPENDED,SUSPENDED,359,0,True
phase68b_dynamic_repair_tight5,2026-03-14,RLUSD,66,1,100.0,0.0,0.0,0.0,0,1.95,False,True,SUSPENDED,SUSPENDED,359,0,True
phase68b_dynamic_repair_tight5,2026-03-14,S,437,1,100.0,0.0,0.0,0.0,0,1.95,False,True,SUSPENDED,SUSPENDED,359,0,True
phase68b_dynamic_repair_tight5,2026-03-14,SAND,2053,1,100.0,0.0,0.0,0.0,0,1.95,False,True,SUSPENDED,SUSPENDED,80,0,True
phase68b_dynamic_repair_tight5,2026-03-14,SEI,957,1,100.0,0.0,0.0,0.0,0,1.95,False,True,SUSPENDED,SUSPENDED,359,0,True
phase68b_dynamic_repair_tight5,2026-03-14,SHIB,1784,1,100.0,0.0,0.0,0.0,0,1.95,False,True,SUSPENDED,SUSPENDED,70,0,True
phase68b_dynamic_repair_tight5,2026-03-14,STRK,768,1,100.0,0.0,0.0,0.0,0,1.95,False,True,SUSPENDED,SUSPENDED,359,0,True
phase68b_dynamic_repair_tight5,2026-03-14,STX,2347,1,100.0,0.0,0.0,0.0,0,1.95,False,True,SUSPENDED,SUSPENDED,83,0,True
phase68b_dynamic_repair_tight5,2026-03-14,SUI,1061,1,100.0,0.0,0.0,0.0,0,1.95,False,True,SUSPENDED,SUSPENDED,359,0,True
phase68b_dynamic_repair_tight5,2026-03-14,SYRUP,327,1,100.0,0.0,0.0,0.0,0,1.95,False,True,SUSPENDED,SUSPENDED,359,0,True
phase68b_dynamic_repair_tight5,2026-03-14,TAO,717,1,100.0,0.0,0.0,0.0,0,1.95,False,True,SUSPENDED,SUSPENDED,359,0,True
phase68b_dynamic_repair_tight5,2026-03-14,THETA,2545,1,100.0,0.0,0.0,0.0,0,1.95,False,True,SUSPENDED,SUSPENDED,7,0,True
phase68b_dynamic_repair_tight5,2026-03-14,TIA,880,1,100.0,0.0,0.0,0.0,0,1.95,False,True,SUSPENDED,SUSPENDED,359,0,True
phase68b_dynamic_repair_tight5,2026-03-14,TON,598,1,100.0,0.0,0.0,0.0,0,1.95,False,True,SUSPENDED,SUSPENDED,41,0,True
phase68b_dynamic_repair_tight5,2026-03-14,TRUMP,434,1,100.0,0.0,0.0,0.0,0,1.95,False,True,SUSPENDED,SUSPENDED,359,0,True
phase68b_dynamic_repair_tight5,2026-03-14,TWT,1887,1,100.0,0.0,0.0,0.0,0,1.95,False,True,SUSPENDED,SUSPENDED,98,0,True
phase68b_dynamic_repair_tight5,2026-03-14,UNI,2019,1,100.0,0.0,0.0,0.0,0,1.95,False,True,SUSPENDED,SUSPENDED,74,0,True
phase68b_dynamic_repair_tight5,2026-03-14,VET,2644,1,100.0,0.0,0.0,0.0,0,1.95,False,True,SUSPENDED,SUSPENDED,83,0,True
phase68b_dynamic_repair_tight5,2026-03-14,VIRTUAL,352,1,100.0,0.0,0.0,0.0,0,1.95,False,True,SUSPENDED,SUSPENDED,359,0,True
phase68b_dynamic_repair_tight5,2026-03-14,WAL,170,1,100.0,0.0,0.0,0.0,0,1.95,False,True,SUSPENDED,SUSPENDED,359,0,True
phase68b_dynamic_repair_tight5,2026-03-14,WIF,754,1,100.0,0.0,0.0,0.0,0,1.95,False,True,SUSPENDED,SUSPENDED,359,0,True
phase68b_dynamic_repair_tight5,2026-03-14,WLD,979,1,100.0,0.0,0.0,0.0,0,1.95,False,True,SUSPENDED,SUSPENDED,359,0,True
phase68b_dynamic_repair_tight5,2026-03-14,XLM,2644,1,100.0,0.0,0.0,0.0,0,1.95,False,True,SUSPENDED,SUSPENDED,44,0,True
phase68b_dynamic_repair_tight5,2026-03-14,XPL,185,1,100.0,0.0,0.0,0.0,0,1.95,False,True,SUSPENDED,SUSPENDED,359,0,True
phase68b_dynamic_repair_tight5,2026-03-14,XRP,2644,1,100.0,0.0,0.0,0.0,0,1.95,False,True,SUSPENDED,SUSPENDED,7,0,True
phase68b_dynamic_repair_tight5,2026-03-14,ZK,650,1,100.0,0.0,0.0,0.0,0,1.95,False,True,SUSPENDED,SUSPENDED,359,0,True
phase68b_dynamic_repair_tight5,2026-03-14,LUNC,1297,1,100.0,-0.08425854816029954,-0.07251631617113397,0.0,3,1.9271278662862237,False,False,SUSPENDED,SUSPENDED,0,0,True
phase68b_dynamic_repair_tight5,2026-03-14,SUN,2015,4,100.0,0.0,0.0,0.0,0,1.8,False,True,SUSPENDED,SUSPENDED,43,0,True
phase68b_dynamic_repair_tight5,2026-03-14,MANA,2061,1,100.0,-6.760065161558181,0.0,2.1316282072803006e-14,3,-6.200081451947752,False,True,SUSPENDED,SUSPENDED,80,0,True
phase68b_dynamic_repair_tight5,2026-03-14,TRX,2644,1,100.0,-7.107134533579963,0.0,-4.583294614749899,4,-6.533918166974954,False,True,SUSPENDED,SUSPENDED,35,0,True
phase68b_dynamic_repair_tight5,2026-03-14,XTZ,2378,1,100.0,-9.046164314991167,0.0,-7.643897772742925,11,-8.25770539373896,False,True,SUSPENDED,SUSPENDED,122,0,True
phase68b_dynamic_repair_tight5,2026-03-14,POL,562,1,100.0,-8.876138404564138,0.0,2.1316282072803006e-14,2,-8.9451730057052,False,True,SUSPENDED,SUSPENDED,359,0,True
phase68b_dynamic_repair_tight5,2026-03-14,WLFI,209,1,100.0,-11.43088972270203,0.0,-9.865976000251841,16,-10.73861215337754,False,True,SUSPENDED,SUSPENDED,359,0,True
phase68b_dynamic_repair_tight5,2026-03-14,SOL,2056,1,100.0,-13.261290646169211,0.0,2.1316282072803006e-14,9,-13.72661330771154,False,True,SUSPENDED,SUSPENDED,72,0,True
phase68b_dynamic_repair_tight5,2026-03-14,AVAX,2014,1,100.0,-14.586464001052768,0.0,2.1316282072803006e-14,6,-15.68308000131599,False,True,SUSPENDED,SUSPENDED,76,0,True
phase68b_dynamic_repair_tight5,2026-03-14,DOT,2049,1,100.0,-15.262587713346697,0.0,-3.075946824247321,3,-16.828234641683373,False,True,SUSPENDED,SUSPENDED,79,0,True
phase68b_dynamic_repair_tight5,2026-03-14,CAKE,1864,1,100.0,-16.036307643506696,0.0,-3.684555013480395,3,-17.795384554383368,False,True,SUSPENDED,SUSPENDED,25,0,True
phase68b_dynamic_repair_tight5,2026-03-14,CHZ,2396,1,100.0,-17.066509592868673,0.0,-11.145954366568091,4,-18.983136991085843,False,True,SUSPENDED,SUSPENDED,80,0,True
phase68b_dynamic_repair_tight5,2026-03-14,BCH,2313,1,100.0,-20.05185703279151,0.0,-14.408441644260371,25,-20.614821290989386,False,True,SUSPENDED,SUSPENDED,36,0,True
phase68b_dynamic_repair_tight5,2026-03-14,BNB,2644,1,100.0,-21.197781710923636,0.0,-8.411457228038454,11,-23.447227138654544,False,True,SUSPENDED,SUSPENDED,79,0,True
phase68b_dynamic_repair_tight5,2026-03-14,OP,1397,1,100.0,-22.65050689556962,0.0,-8.887284933068209,3,-26.063133619462025,False,True,SUSPENDED,SUSPENDED,95,0,True
phase68b_dynamic_repair_tight5,2026-03-14,DOGE,2459,1,100.0,-24.727351829377497,0.0,-6.658267209927583,7,-28.259189786721873,False,True,SUSPENDED,SUSPENDED,45,0,True
phase68b_dynamic_repair_tight5,2026-03-14,SKY,193,1,100.0,-27.3831010404582,-0.44164972370605016,-20.26442351715191,40,-29.6038254716909,False,True,SUSPENDED,SUSPENDED,359,0,True
phase68b_dynamic_repair_tight5,2026-03-14,NEAR,1992,1,100.0,-26.481721488042066,0.0,-8.568289363381687,8,-30.352151860052583,False,True,SUSPENDED,SUSPENDED,81,0,True
phase68b_dynamic_repair_tight5,2026-03-14,GNO,1672,1,100.0,-36.113915278583235,0.0,-17.88279607268899,16,-41.59239409822904,False,True,SUSPENDED,SUSPENDED,41,0,True
