ts,main_selected,main_gross_exposure,main_strategy_ret,leader_selected,leader_gross_exposure,leader_strategy_ret,ret_diff_main_minus_leader,same_selection,main_in_market,leader_in_market,main_cash_leader_in,leader_cash_main_in
2025-01-01,ETHUSDT,1.0,0.0253569120159028,BNBUSDT,1.0,-0.0022462703435804,0.027603182359483197,False,True,True,False,False
2025-01-02,BTCUSDT,1.0,0.0092636755722211,BNBUSDT,1.0,0.0122194690265486,-0.002955793454327501,False,True,True,False,False
2025-01-03,BTCUSDT,1.0,0.0004718144831972,BNBUSDT,1.0,-0.0020562891674127,0.0025281036506098996,False,True,True,False,False
2025-01-04,BTCUSDT,1.0,0.0014570278098766,BNBUSDT,1.0,-0.0057750802483845,0.0072321080582611,False,True,True,False,False
2025-01-05,BTCUSDT,1.0,0.0393640493674438,BNBUSDT,1.0,0.0283804931692255,0.010983556198218301,False,True,True,False,False
2025-01-06,BTCUSDT,1.0,-0.0516550986153552,BTCUSDT,1.0,-0.0546550986153552,0.0029999999999999957,True,True,True,False,False
2025-01-07,BTCUSDT,1.0,-0.0195349143274362,BNBUSDT,1.0,-0.0058366355782868,-0.0136982787491494,False,True,True,False,False
2025-01-08,BTCUSDT,1.0,-0.0263844298916238,BNBUSDT,1.0,-0.0151573926411217,-0.0112270372505021,False,True,True,False,False
2025-01-09,BTCUSDT,1.0,0.0234852676573045,BNBUSDT,1.0,0.0112767695629341,0.0122084980943704,False,True,True,False,False
2025-01-10,SOLUSDT,1.0,-0.0008154305200341,BNBUSDT,1.0,0.0050345494150401,-0.0058499799350741994,False,True,True,False,False
2025-01-11,XRPUSDT,1.0,-0.030868343424934,XRPUSDT,1.0,-0.030868343424934,0.0,True,True,True,False,False
2025-01-12,XRPUSDT,1.0,0.0074263355426016,XRPUSDT,1.0,0.0074263355426016,0.0,True,True,True,False,False
2025-01-13,XRPUSDT,1.0,0.0571100190234621,XRPUSDT,1.0,0.0571100190234621,0.0,True,True,True,False,False
2025-01-14,XRPUSDT,1.0,0.178307651932666,XRPUSDT,1.0,0.178307651932666,0.0,True,True,True,False,False
2025-01-15,SOLUSDT,1.0,0.022648498979889,SOLUSDT,1.0,0.022648498979889,0.0,True,True,True,False,False
2025-01-16,SOLUSDT,1.0,0.0396419437340154,SOLUSDT,1.0,0.0396419437340154,0.0,True,True,True,False,False
2025-01-17,SOLUSDT,1.0,0.1934308231971211,SOLUSDT,1.0,0.1934308231971211,0.0,True,True,True,False,False
2025-01-18,BTCUSDT,1.0,-0.0338413951038593,BTCUSDT,1.0,-0.0338413951038593,0.0,True,True,True,False,False
2025-01-19,BTCUSDT,1.0,0.0091623962798561,BTCUSDT,1.0,0.0091623962798561,0.0,True,True,True,False,False
2025-01-20,BTCUSDT,1.0,0.0379797537668928,BTCUSDT,1.0,0.0379797537668928,0.0,True,True,True,False,False
2025-01-21,BTCUSDT,1.0,-0.022960922265658,BTCUSDT,1.0,-0.022960922265658,0.0,True,True,True,False,False
2025-01-22,BTCUSDT,1.0,0.0019640011547956,BTCUSDT,1.0,0.0019640011547956,0.0,True,True,True,False,False
2025-01-23,BTCUSDT,1.0,0.0092402738745731,BTCUSDT,1.0,0.0092402738745731,0.0,True,True,True,False,False
2025-01-24,BTCUSDT,1.0,-0.0011790732379457,BTCUSDT,1.0,-0.0011790732379457,0.0,True,True,True,False,False
2025-01-25,BTCUSDT,1.0,-0.0203046678730673,BTCUSDT,1.0,-0.0203046678730673,0.0,True,True,True,False,False
2025-01-26,ETHUSDT,1.0,-0.0185199668379421,BNBUSDT,1.0,0.0155354451054138,-0.0340554119433559,False,True,True,False,False
2025-01-27,ETHUSDT,1.0,-0.0329055693115974,BNBUSDT,1.0,-0.0271427310442228,-0.005762838267374604,False,True,True,False,False
2025-01-28,ETHUSDT,1.0,0.0117554553370677,BNBUSDT,1.0,0.0101014683421798,0.0016539869948878991,False,True,True,False,False
2025-01-29,BTCUSDT,1.0,0.0065408183529213,BTCUSDT,1.0,0.0065408183529213,0.0,True,True,True,False,False
2025-01-30,BTCUSDT,1.0,-0.0218994997657628,BTCUSDT,1.0,-0.0218994997657628,0.0,True,True,True,False,False
2025-01-31,BTCUSDT,1.0,-0.0175135966609639,BTCUSDT,1.0,-0.0175135966609639,0.0,True,True,True,False,False
2025-02-01,BTCUSDT,1.0,-0.0291652113341543,BTCUSDT,1.0,-0.0291652113341543,0.0,True,True,True,False,False
2025-02-02,BTCUSDT,1.0,0.0371331432082446,BTCUSDT,1.0,0.0371331432082446,0.0,True,True,True,False,False
2025-02-03,BTCUSDT,1.0,-0.035186441092794,BTCUSDT,1.0,-0.035186441092794,0.0,True,True,True,False,False
2025-02-04,BTCUSDT,1.0,-0.011770285996367,BTCUSDT,1.0,-0.011770285996367,0.0,True,True,True,False,False
2025-02-05,BTCUSDT,1.0,-0.0006011648811647,BTCUSDT,1.0,-0.0006011648811647,0.0,True,True,True,False,False
2025-02-06,BTCUSDT,1.0,-0.0004924687494659,BTCUSDT,1.0,-0.0004924687494659,0.0,True,True,True,False,False
2025-02-07,BTCUSDT,1.0,-0.0006430634939713,BTCUSDT,1.0,-0.0006430634939713,0.0,True,True,True,False,False
2025-02-08,BTCUSDT,1.0,0.0001867390590715,BTCUSDT,1.0,0.0001867390590715,0.0,True,True,True,False,False
2025-02-09,BTCUSDT,1.0,0.0100356873508169,BTCUSDT,1.0,0.0100356873508169,0.0,True,True,True,False,False
2025-02-10,BTCUSDT,1.0,-0.0169619838979083,BTCUSDT,1.0,-0.0169619838979083,0.0,True,True,True,False,False
2025-02-11,BTCUSDT,1.0,0.021839938524633,BTCUSDT,1.0,0.021839938524633,0.0,True,True,True,False,False
2025-02-12,BTCUSDT,1.0,-0.0128931248485874,BTCUSDT,1.0,-0.0128931248485874,0.0,True,True,True,False,False
2025-02-13,BTCUSDT,1.0,0.0092366957898164,BTCUSDT,1.0,0.0092366957898164,0.0,True,True,True,False,False
2025-02-14,BTCUSDT,1.0,0.0007095349684433,BTCUSDT,1.0,0.0007095349684433,0.0,True,True,True,False,False
2025-02-15,BTCUSDT,1.0,-0.0148769607273409,BTCUSDT,1.0,-0.0148769607273409,0.0,True,True,True,False,False
2025-02-16,BTCUSDT,1.0,-0.0035177550289164,BTCUSDT,1.0,-0.0035177550289164,0.0,True,True,True,False,False
2025-02-17,BTCUSDT,1.0,-0.0011302986009604,BTCUSDT,1.0,-0.0011302986009604,0.0,True,True,True,False,False
2025-02-18,CASH,0.0,-0.0015,CASH,0.0,-0.0015,0.0,True,False,False,False,False
2025-02-19,BTCUSDT,1.0,0.0156828943579435,BTCUSDT,1.0,0.0156828943579435,0.0,True,True,True,False,False
2025-02-20,BTCUSDT,1.0,-0.021596256548497,BTCUSDT,1.0,-0.021596256548497,0.0,True,True,True,False,False
2025-02-21,BTCUSDT,1.0,0.0038367893861199,BTCUSDT,1.0,0.0038367893861199,0.0,True,True,True,False,False
2025-02-22,BTCUSDT,1.0,-0.0030347688750226,BTCUSDT,1.0,-0.0030347688750226,0.0,True,True,True,False,False
2025-02-23,BTCUSDT,1.0,-0.0488803008581104,BTCUSDT,1.0,-0.0488803008581104,0.0,True,True,True,False,False
2025-02-24,CASH,0.0,-0.0015,CASH,0.0,-0.0015,0.0,True,False,False,False,False
2025-02-25,CASH,0.0,0.0,CASH,0.0,0.0,0.0,True,False,False,False,False
2025-02-26,CASH,0.0,0.0,CASH,0.0,0.0,0.0,True,False,False,False,False
2025-02-27,CASH,0.0,0.0,CASH,0.0,0.0,0.0,True,False,False,False,False
2025-02-28,CASH,0.0,0.0,CASH,0.0,0.0,0.0,True,False,False,False,False
2025-03-01,CASH,0.0,0.0,CASH,0.0,0.0,0.0,True,False,False,False,False
2025-03-02,CASH,0.0,0.0,CASH,0.0,0.0,0.0,True,False,False,False,False
2025-03-03,CASH,0.0,0.0,CASH,0.0,0.0,0.0,True,False,False,False,False
2025-03-04,CASH,0.0,0.0,CASH,0.0,0.0,0.0,True,False,False,False,False
2025-03-05,CASH,0.0,0.0,CASH,0.0,0.0,0.0,True,False,False,False,False
2025-03-06,CASH,0.0,0.0,CASH,0.0,0.0,0.0,True,False,False,False,False
2025-03-07,CASH,0.0,0.0,CASH,0.0,0.0,0.0,True,False,False,False,False
2025-03-08,CASH,0.0,0.0,CASH,0.0,0.0,0.0,True,False,False,False,False
2025-03-09,CASH,0.0,0.0,CASH,0.0,0.0,0.0,True,False,False,False,False
2025-03-10,CASH,0.0,0.0,CASH,0.0,0.0,0.0,True,False,False,False,False
2025-03-11,CASH,0.0,0.0,CASH,0.0,0.0,0.0,True,False,False,False,False
2025-03-12,CASH,0.0,0.0,CASH,0.0,0.0,0.0,True,False,False,False,False
2025-03-13,CASH,0.0,0.0,CASH,0.0,0.0,0.0,True,False,False,False,False
2025-03-14,CASH,0.0,0.0,CASH,0.0,0.0,0.0,True,False,False,False,False
2025-03-15,CASH,0.0,0.0,CASH,0.0,0.0,0.0,True,False,False,False,False
2025-03-16,CASH,0.0,0.0,CASH,0.0,0.0,0.0,True,False,False,False,False
2025-03-17,CASH,0.0,0.0,CASH,0.0,0.0,0.0,True,False,False,False,False
2025-03-18,CASH,0.0,0.0,CASH,0.0,0.0,0.0,True,False,False,False,False
2025-03-19,CASH,0.0,0.0,CASH,0.0,0.0,0.0,True,False,False,False,False
2025-03-20,CASH,0.0,0.0,CASH,0.0,0.0,0.0,True,False,False,False,False
2025-03-21,CASH,0.0,0.0,CASH,0.0,0.0,0.0,True,False,False,False,False
2025-03-22,CASH,0.0,0.0,CASH,0.0,0.0,0.0,True,False,False,False,False
2025-03-23,CASH,0.0,0.0,CASH,0.0,0.0,0.0,True,False,False,False,False
2025-03-24,CASH,0.0,0.0,CASH,0.0,0.0,0.0,True,False,False,False,False
2025-03-25,CASH,0.0,0.0,CASH,0.0,0.0,0.0,True,False,False,False,False
2025-03-26,CASH,0.0,0.0,CASH,0.0,0.0,0.0,True,False,False,False,False
2025-03-27,CASH,0.0,0.0,CASH,0.0,0.0,0.0,True,False,False,False,False
2025-03-28,CASH,0.0,0.0,CASH,0.0,0.0,0.0,True,False,False,False,False
2025-03-29,CASH,0.0,0.0,CASH,0.0,0.0,0.0,True,False,False,False,False
2025-03-30,CASH,0.0,0.0,CASH,0.0,0.0,0.0,True,False,False,False,False
2025-03-31,CASH,0.0,0.0,CASH,0.0,0.0,0.0,True,False,False,False,False
2025-04-01,CASH,0.0,0.0,CASH,0.0,0.0,0.0,True,False,False,False,False
2025-04-02,CASH,0.0,0.0,CASH,0.0,0.0,0.0,True,False,False,False,False
2025-04-03,CASH,0.0,0.0,CASH,0.0,0.0,0.0,True,False,False,False,False
2025-04-04,CASH,0.0,0.0,CASH,0.0,0.0,0.0,True,False,False,False,False
2025-04-05,CASH,0.0,0.0,CASH,0.0,0.0,0.0,True,False,False,False,False
2025-04-06,CASH,0.0,0.0,CASH,0.0,0.0,0.0,True,False,False,False,False
2025-04-07,CASH,0.0,0.0,CASH,0.0,0.0,0.0,True,False,False,False,False
2025-04-08,CASH,0.0,0.0,CASH,0.0,0.0,0.0,True,False,False,False,False
2025-04-09,CASH,0.0,0.0,CASH,0.0,0.0,0.0,True,False,False,False,False
2025-04-10,CASH,0.0,0.0,CASH,0.0,0.0,0.0,True,False,False,False,False
2025-04-11,CASH,0.0,0.0,CASH,0.0,0.0,0.0,True,False,False,False,False
2025-04-12,CASH,0.0,0.0,CASH,0.0,0.0,0.0,True,False,False,False,False
2025-04-13,CASH,0.0,0.0,CASH,0.0,0.0,0.0,True,False,False,False,False
2025-04-14,CASH,0.0,0.0,CASH,0.0,0.0,0.0,True,False,False,False,False
2025-04-15,CASH,0.0,0.0,CASH,0.0,0.0,0.0,True,False,False,False,False
2025-04-16,CASH,0.0,0.0,CASH,0.0,0.0,0.0,True,False,False,False,False
2025-04-17,CASH,0.0,0.0,CASH,0.0,0.0,0.0,True,False,False,False,False
2025-04-18,CASH,0.0,0.0,CASH,0.0,0.0,0.0,True,False,False,False,False
2025-04-19,CASH,0.0,0.0,CASH,0.0,0.0,0.0,True,False,False,False,False
2025-04-20,CASH,0.0,0.0,CASH,0.0,0.0,0.0,True,False,False,False,False
2025-04-21,CASH,0.0,0.0,CASH,0.0,0.0,0.0,True,False,False,False,False
2025-04-22,CASH,0.0,0.0,CASH,0.0,0.0,0.0,True,False,False,False,False
2025-04-23,CASH,0.0,0.0,CASH,0.0,0.0,0.0,True,False,False,False,False
2025-04-24,CASH,0.0,0.0,CASH,0.0,0.0,0.0,True,False,False,False,False
2025-04-25,CASH,0.0,0.0,CASH,0.0,0.0,0.0,True,False,False,False,False
2025-04-26,CASH,0.0,0.0,CASH,0.0,0.0,0.0,True,False,False,False,False
2025-04-27,CASH,0.0,0.0,CASH,0.0,0.0,0.0,True,False,False,False,False
2025-04-28,CASH,0.0,0.0,CASH,0.0,0.0,0.0,True,False,False,False,False
2025-04-29,CASH,0.0,0.0,CASH,0.0,0.0,0.0,True,False,False,False,False
2025-04-30,CASH,0.0,0.0,CASH,0.0,0.0,0.0,True,False,False,False,False
2025-05-01,CASH,0.0,0.0,CASH,0.0,0.0,0.0,True,False,False,False,False
2025-05-02,CASH,0.0,0.0,CASH,0.0,0.0,0.0,True,False,False,False,False
2025-05-03,CASH,0.0,0.0,CASH,0.0,0.0,0.0,True,False,False,False,False
2025-05-04,CASH,0.0,0.0,CASH,0.0,0.0,0.0,True,False,False,False,False
2025-05-05,CASH,0.0,0.0,CASH,0.0,0.0,0.0,True,False,False,False,False
2025-05-06,CASH,0.0,0.0,CASH,0.0,0.0,0.0,True,False,False,False,False
2025-05-07,CASH,0.0,0.0,CASH,0.0,0.0,0.0,True,False,False,False,False
2025-05-08,CASH,0.0,0.0,CASH,0.0,0.0,0.0,True,False,False,False,False
2025-05-09,CASH,0.0,0.0,CASH,0.0,0.0,0.0,True,False,False,False,False
2025-05-10,CASH,0.0,0.0,CASH,0.0,0.0,0.0,True,False,False,False,False
2025-05-11,CASH,0.0,0.0,CASH,0.0,0.0,0.0,True,False,False,False,False
2025-05-12,CASH,0.0,0.0,CASH,0.0,0.0,0.0,True,False,False,False,False
2025-05-13,CASH,0.0,0.0,CASH,0.0,0.0,0.0,True,False,False,False,False
2025-05-14,CASH,0.0,0.0,CASH,0.0,0.0,0.0,True,False,False,False,False
2025-05-15,CASH,0.0,0.0,CASH,0.0,0.0,0.0,True,False,False,False,False
2025-05-16,CASH,0.0,0.0,CASH,0.0,0.0,0.0,True,False,False,False,False
2025-05-17,CASH,0.0,0.0,CASH,0.0,0.0,0.0,True,False,False,False,False
2025-05-18,CASH,0.0,0.0,CASH,0.0,0.0,0.0,True,False,False,False,False
2025-05-19,CASH,0.0,0.0,CASH,0.0,0.0,0.0,True,False,False,False,False
2025-05-20,CASH,0.0,0.0,CASH,0.0,0.0,0.0,True,False,False,False,False
2025-05-21,CASH,0.0,0.0,CASH,0.0,0.0,0.0,True,False,False,False,False
2025-05-22,TRXUSDT,1.0,-0.0272339615802827,TRXUSDT,1.0,-0.0272339615802827,0.0,True,True,True,False,False
2025-05-23,CASH,0.0,-0.0015,CASH,0.0,-0.0015,0.0,True,False,False,False,False
2025-05-24,TRXUSDT,1.0,0.0058991860895301,TRXUSDT,1.0,0.0058991860895301,0.0,True,True,True,False,False
2025-05-25,BTCUSDT,1.0,0.0009503068643507,BTCUSDT,1.0,0.0009503068643507,0.0,True,True,True,False,False
2025-05-26,BTCUSDT,1.0,-0.0045380449855114,BTCUSDT,1.0,-0.0045380449855114,0.0,True,True,True,False,False
2025-05-27,BTCUSDT,1.0,-0.0106151039621833,BTCUSDT,1.0,-0.0106151039621833,0.0,True,True,True,False,False
2025-05-28,CASH,0.0,-0.0015,CASH,0.0,-0.0015,0.0,True,False,False,False,False
2025-05-29,CASH,0.0,0.0,CASH,0.0,0.0,0.0,True,False,False,False,False
2025-05-30,CASH,0.0,0.0,CASH,0.0,0.0,0.0,True,False,False,False,False
2025-05-31,CASH,0.0,0.0,CASH,0.0,0.0,0.0,True,False,False,False,False
2025-06-01,CASH,0.0,0.0,CASH,0.0,0.0,0.0,True,False,False,False,False
2025-06-02,CASH,0.0,0.0,CASH,0.0,0.0,0.0,True,False,False,False,False
2025-06-03,CASH,0.0,0.0,CASH,0.0,0.0,0.0,True,False,False,False,False
2025-06-04,CASH,0.0,0.0,CASH,0.0,0.0,0.0,True,False,False,False,False
2025-06-05,CASH,0.0,0.0,CASH,0.0,0.0,0.0,True,False,False,False,False
2025-06-06,CASH,0.0,0.0,CASH,0.0,0.0,0.0,True,False,False,False,False
2025-06-07,CASH,0.0,0.0,CASH,0.0,0.0,0.0,True,False,False,False,False
2025-06-08,CASH,0.0,0.0,CASH,0.0,0.0,0.0,True,False,False,False,False
2025-06-09,CASH,0.0,0.0,CASH,0.0,0.0,0.0,True,False,False,False,False
2025-06-10,CASH,0.0,0.0,CASH,0.0,0.0,0.0,True,False,False,False,False
2025-06-11,CASH,0.0,0.0,CASH,0.0,0.0,0.0,True,False,False,False,False
2025-06-12,CASH,0.0,0.0,CASH,0.0,0.0,0.0,True,False,False,False,False
2025-06-13,CASH,0.0,0.0,CASH,0.0,0.0,0.0,True,False,False,False,False
2025-06-14,CASH,0.0,0.0,CASH,0.0,0.0,0.0,True,False,False,False,False
2025-06-15,CASH,0.0,0.0,CASH,0.0,0.0,0.0,True,False,False,False,False
2025-06-16,CASH,0.0,0.0,CASH,0.0,0.0,0.0,True,False,False,False,False
2025-06-17,CASH,0.0,0.0,CASH,0.0,0.0,0.0,True,False,False,False,False
2025-06-18,CASH,0.0,0.0,CASH,0.0,0.0,0.0,True,False,False,False,False
2025-06-19,CASH,0.0,0.0,CASH,0.0,0.0,0.0,True,False,False,False,False
2025-06-20,CASH,0.0,0.0,CASH,0.0,0.0,0.0,True,False,False,False,False
2025-06-21,CASH,0.0,0.0,CASH,0.0,0.0,0.0,True,False,False,False,False
2025-06-22,CASH,0.0,0.0,CASH,0.0,0.0,0.0,True,False,False,False,False
2025-06-23,CASH,0.0,0.0,CASH,0.0,0.0,0.0,True,False,False,False,False
2025-06-24,CASH,0.0,0.0,CASH,0.0,0.0,0.0,True,False,False,False,False
2025-06-25,CASH,0.0,0.0,CASH,0.0,0.0,0.0,True,False,False,False,False
2025-06-26,CASH,0.0,0.0,CASH,0.0,0.0,0.0,True,False,False,False,False
2025-06-27,CASH,0.0,0.0,CASH,0.0,0.0,0.0,True,False,False,False,False
2025-06-28,CASH,0.0,0.0,CASH,0.0,0.0,0.0,True,False,False,False,False
2025-06-29,CASH,0.0,0.0,CASH,0.0,0.0,0.0,True,False,False,False,False
2025-06-30,CASH,0.0,0.0,CASH,0.0,0.0,0.0,True,False,False,False,False
2025-07-01,CASH,0.0,0.0,CASH,0.0,0.0,0.0,True,False,False,False,False
2025-07-02,CASH,0.0,0.0,CASH,0.0,0.0,0.0,True,False,False,False,False
2025-07-03,CASH,0.0,0.0,CASH,0.0,0.0,0.0,True,False,False,False,False
2025-07-04,CASH,0.0,0.0,CASH,0.0,0.0,0.0,True,False,False,False,False
2025-07-05,CASH,0.0,0.0,CASH,0.0,0.0,0.0,True,False,False,False,False
2025-07-06,CASH,0.0,0.0,CASH,0.0,0.0,0.0,True,False,False,False,False
2025-07-07,CASH,0.0,0.0,CASH,0.0,0.0,0.0,True,False,False,False,False
2025-07-08,CASH,0.0,0.0,CASH,0.0,0.0,0.0,True,False,False,False,False
2025-07-09,BTCUSDT,1.0,0.0414366059780826,BTCUSDT,1.0,0.0414366059780826,0.0,True,True,True,False,False
2025-07-10,BTCUSDT,1.0,0.0130821480906819,BTCUSDT,1.0,0.0130821480906819,0.0,True,True,True,False,False
2025-07-11,BTCUSDT,1.0,-0.0009160396795103,BTCUSDT,1.0,-0.0009160396795103,0.0,True,True,True,False,False
2025-07-12,BTCUSDT,1.0,0.0141938340998126,BTCUSDT,1.0,0.0141938340998126,0.0,True,True,True,False,False
2025-07-13,ETHUSDT,1.0,0.0109938022159937,ETHUSDT,1.0,0.0109938022159937,0.0,True,True,True,False,False
2025-07-14,ETHUSDT,1.0,0.0412361213424385,ETHUSDT,1.0,0.0412361213424385,0.0,True,True,True,False,False
2025-07-15,ETHUSDT,1.0,0.0744003135865183,ETHUSDT,1.0,0.0744003135865183,0.0,True,True,True,False,False
2025-07-16,ETHUSDT,1.0,0.0312990345113974,ETHUSDT,1.0,0.0312990345113974,0.0,True,True,True,False,False
2025-07-17,ETHUSDT,1.0,0.0201474314541527,ETHUSDT,1.0,0.0201474314541527,0.0,True,True,True,False,False
2025-07-18,ETHUSDT,1.0,0.0127124378333878,ETHUSDT,1.0,0.0127124378333878,0.0,True,True,True,False,False
2025-07-19,ETHUSDT,1.0,0.0458461975328576,ETHUSDT,1.0,0.0458461975328576,0.0,True,True,True,False,False
2025-07-20,ETHUSDT,1.0,0.0015013216421901,ETHUSDT,1.0,0.0015013216421901,0.0,True,True,True,False,False
2025-07-21,ETHUSDT,1.0,-0.0042845789710099,ETHUSDT,1.0,-0.0042845789710099,0.0,True,True,True,False,False
2025-07-22,ETHUSDT,1.0,-0.0314771462357956,ETHUSDT,1.0,-0.0314771462357956,0.0,True,True,True,False,False
2025-07-23,ETHUSDT,1.0,0.0216768780885761,ETHUSDT,1.0,0.0216768780885761,0.0,True,True,True,False,False
2025-07-24,ETHUSDT,1.0,0.0048611523250983,ETHUSDT,1.0,0.0048611523250983,0.0,True,True,True,False,False
2025-07-25,ETHUSDT,1.0,0.0043329324341736,ETHUSDT,1.0,0.0043329324341736,0.0,True,True,True,False,False
2025-07-26,ETHUSDT,1.0,0.0350164390152629,ETHUSDT,1.0,0.0350164390152629,0.0,True,True,True,False,False
2025-07-27,ETHUSDT,1.0,-0.0188786446631027,ETHUSDT,1.0,-0.0188786446631027,0.0,True,True,True,False,False
2025-07-28,ETHUSDT,1.0,-0.0013714135298762,ETHUSDT,1.0,-0.0013714135298762,0.0,True,True,True,False,False
2025-07-29,ETHUSDT,1.0,0.0042727720827984,ETHUSDT,1.0,0.0042727720827984,0.0,True,True,True,False,False
2025-07-30,ETHUSDT,1.0,-0.0292939632545932,ETHUSDT,1.0,-0.0292939632545932,0.0,True,True,True,False,False
2025-07-31,ETHUSDT,1.0,-0.056832838072783,ETHUSDT,1.0,-0.056832838072783,0.0,True,True,True,False,False
2025-08-01,ETHUSDT,1.0,-0.0270225331116334,ETHUSDT,1.0,-0.0270225331116334,0.0,True,True,True,False,False
2025-08-02,CASH,0.0,-0.0015,CASH,0.0,-0.0015,0.0,True,False,False,False,False
2025-08-03,ETHUSDT,1.0,0.062631162168191,ETHUSDT,1.0,0.062631162168191,0.0,True,True,True,False,False
2025-08-04,ETHUSDT,1.0,-0.0292905920198656,ETHUSDT,1.0,-0.0292905920198656,0.0,True,True,True,False,False
2025-08-05,TRXUSDT,1.0,0.0074853205512283,TRXUSDT,1.0,0.0074853205512283,0.0,True,True,True,False,False
2025-08-06,TRXUSDT,1.0,0.0032611918173732,TRXUSDT,1.0,0.0032611918173732,0.0,True,True,True,False,False
2025-08-07,TRXUSDT,1.0,-0.00177304964539,TRXUSDT,1.0,-0.00177304964539,0.0,True,True,True,False,False
2025-08-08,ETHUSDT,1.0,0.0596312507793989,ETHUSDT,1.0,0.0596312507793989,0.0,True,True,True,False,False
2025-08-09,ETHUSDT,1.0,-0.0023588116283546,ETHUSDT,1.0,-0.0023588116283546,0.0,True,True,True,False,False
2025-08-10,ETHUSDT,1.0,-0.0064344311468813,ETHUSDT,1.0,-0.0064344311468813,0.0,True,True,True,False,False
2025-08-11,ETHUSDT,1.0,0.0869715525120642,ETHUSDT,1.0,0.0869715525120642,0.0,True,True,True,False,False
2025-08-12,ETHUSDT,1.0,0.0345886740499985,ETHUSDT,1.0,0.0345886740499985,0.0,True,True,True,False,False
2025-08-13,ETHUSDT,1.0,-0.0426294401280188,ETHUSDT,1.0,-0.0426294401280188,0.0,True,True,True,False,False
2025-08-14,ETHUSDT,1.0,-0.0236142023911111,ETHUSDT,1.0,-0.0236142023911111,0.0,True,True,True,False,False
2025-08-15,ETHUSDT,1.0,-0.0039374069427207,ETHUSDT,1.0,-0.0039374069427207,0.0,True,True,True,False,False
2025-08-16,ETHUSDT,1.0,0.0113840148892241,ETHUSDT,1.0,0.0113840148892241,0.0,True,True,True,False,False
2025-08-17,ETHUSDT,1.0,-0.0356279612640391,ETHUSDT,1.0,-0.0356279612640391,0.0,True,True,True,False,False
2025-08-18,ETHUSDT,1.0,-0.0550430211987507,ETHUSDT,1.0,-0.0550430211987507,0.0,True,True,True,False,False
2025-08-19,ETHUSDT,1.0,0.0639343015367099,ETHUSDT,1.0,0.0639343015367099,0.0,True,True,True,False,False
2025-08-20,ETHUSDT,1.0,-0.0255663997638462,ETHUSDT,1.0,-0.0255663997638462,0.0,True,True,True,False,False
2025-08-21,ETHUSDT,1.0,0.143604004449388,ETHUSDT,1.0,0.143604004449388,0.0,True,True,True,False,False
2025-08-22,ETHUSDT,1.0,-0.0111070410817724,ETHUSDT,1.0,-0.0111070410817724,0.0,True,True,True,False,False
2025-08-23,ETHUSDT,1.0,0.0003662313745187,ETHUSDT,1.0,0.0003662313745187,0.0,True,True,True,False,False
2025-08-24,ETHUSDT,1.0,-0.0845099003169355,ETHUSDT,1.0,-0.0845099003169355,0.0,True,True,True,False,False
2025-08-25,ETHUSDT,1.0,0.0512890237604486,ETHUSDT,1.0,0.0512890237604486,0.0,True,True,True,False,False
2025-08-26,ETHUSDT,1.0,-0.0204145953923702,ETHUSDT,1.0,-0.0204145953923702,0.0,True,True,True,False,False
2025-08-27,ETHUSDT,1.0,0.0009985111089907,ETHUSDT,1.0,0.0009985111089907,0.0,True,True,True,False,False
2025-08-28,ETHUSDT,1.0,-0.0334788227548705,ETHUSDT,1.0,-0.0334788227548705,0.0,True,True,True,False,False
2025-08-29,ETHUSDT,1.0,0.0031007894169505,BNBUSDT,1.0,-0.0033479067609879,0.0064486961779384,False,True,True,False,False
2025-08-30,ETHUSDT,1.0,0.0041452317259986,BNBUSDT,1.0,-0.005046403712297,0.0091916354382956,False,True,True,False,False
2025-08-31,ETHUSDT,1.0,-0.0176076942868917,BNBUSDT,1.0,-0.0139567422608289,-0.003650952026062802,False,True,True,False,False
2025-09-01,TRXUSDT,1.0,-0.0006282241328193,BNBUSDT,1.0,0.0072367798694541,-0.0078650040022734,False,True,True,False,False
2025-09-02,ETHUSDT,1.0,0.0256513347971801,BNBUSDT,1.0,0.0034749941300775,0.0221763406671026,False,True,True,False,False
2025-09-03,SOLUSDT,1.0,-0.0430910945580491,SOLUSDT,1.0,-0.0430910945580491,0.0,True,True,True,False,False
2025-09-04,SOLUSDT,1.0,0.0051403716884144,SOLUSDT,1.0,0.0051403716884144,0.0,True,True,True,False,False
2025-09-05,SOLUSDT,1.0,-0.0157356412273801,SOLUSDT,1.0,-0.0157356412273801,0.0,True,True,True,False,False
2025-09-06,SOLUSDT,1.0,0.0309252597921663,SOLUSDT,1.0,0.0309252597921663,0.0,True,True,True,False,False
2025-09-07,SOLUSDT,1.0,0.0376060092076568,SOLUSDT,1.0,0.0376060092076568,0.0,True,True,True,False,False
2025-09-08,SOLUSDT,1.0,0.014478539068703,SOLUSDT,1.0,0.014478539068703,0.0,True,True,True,False,False
2025-09-09,SOLUSDT,1.0,0.0315823396712857,SOLUSDT,1.0,0.0315823396712857,0.0,True,True,True,False,False
2025-09-10,SOLUSDT,1.0,0.020797072343464,SOLUSDT,1.0,0.020797072343464,0.0,True,True,True,False,False
2025-09-11,SOLUSDT,1.0,0.0588029554496569,SOLUSDT,1.0,0.0588029554496569,0.0,True,True,True,False,False
2025-09-12,SOLUSDT,1.0,0.0008258320257659,SOLUSDT,1.0,0.0008258320257659,0.0,True,True,True,False,False
2025-09-13,SOLUSDT,1.0,-0.0108094727287729,SOLUSDT,1.0,-0.0108094727287729,0.0,True,True,True,False,False
2025-09-14,DOGEUSDT,1.0,-0.0377172255000719,DOGEUSDT,1.0,-0.0377172255000719,0.0,True,True,True,False,False
2025-09-15,DOGEUSDT,1.0,0.0061123327494316,DOGEUSDT,1.0,0.0061123327494316,0.0,True,True,True,False,False
2025-09-16,DOGEUSDT,1.0,0.0467123541396552,DOGEUSDT,1.0,0.0467123541396552,0.0,True,True,True,False,False
2025-09-17,AVAXUSDT,1.0,0.1029082338152104,AVAXUSDT,1.0,0.1029082338152104,0.0,True,True,True,False,False
2025-09-18,AVAXUSDT,1.0,-0.0409207161125318,AVAXUSDT,1.0,-0.0409207161125318,0.0,True,True,True,False,False
2025-09-19,AVAXUSDT,1.0,-0.017185185185185,AVAXUSDT,1.0,-0.017185185185185,0.0,True,True,True,False,False
2025-09-20,AVAXUSDT,1.0,-0.0039192041000905,AVAXUSDT,1.0,-0.0039192041000905,0.0,True,True,True,False,False
2025-09-21,AVAXUSDT,1.0,0.024818401937046,AVAXUSDT,1.0,0.024818401937046,0.0,True,True,True,False,False
2025-09-22,DOGEUSDT,1.0,-0.0201213000580382,BNBUSDT,1.0,0.0202450397824555,-0.040366339840493703,False,True,True,False,False
2025-09-23,DOGEUSDT,1.0,0.0167868741827998,BNBUSDT,1.0,0.0024705210732494,0.0143163531095504,False,True,True,False,False
2025-09-24,DOGEUSDT,1.0,-0.0752893350479113,BNBUSDT,1.0,-0.0712721774391501,-0.0040171576087612015,False,True,True,False,False
2025-09-25,TRXUSDT,1.0,0.0162829165411267,TRXUSDT,1.0,0.0162829165411267,0.0,True,True,True,False,False
2025-09-26,TRXUSDT,1.0,-0.0050251256281406,BNBUSDT,1.0,0.0049621149042465,-0.009987240532387101,False,True,True,False,False
2025-09-27,TRXUSDT,1.0,-0.0026737967914438,BNBUSDT,1.0,0.0253601115184056,-0.0280339083098494,False,True,True,False,False
2025-09-28,TRXUSDT,1.0,0.0032767351802203,BNBUSDT,1.0,0.0370389019244519,-0.0337621667442316,False,True,True,False,False
2025-09-29,TRXUSDT,1.0,-0.0095011876484559,BNBUSDT,1.0,-0.020664407306344,0.011163219657888102,False,True,True,False,False
2025-09-30,TRXUSDT,1.0,0.0236810551558752,BNBUSDT,1.0,0.0178381969440064,0.0058428582118688,False,True,True,False,False
2025-10-01,TRXUSDT,1.0,0.0032210834553441,BNBUSDT,1.0,0.0620750121773014,-0.0588539287219573,False,True,True,False,False
2025-10-02,TRXUSDT,1.0,-0.0020431990659662,BNBUSDT,1.0,0.0909724642732661,-0.0930156633392323,False,True,True,False,False
2025-10-03,TRXUSDT,1.0,-0.0043872477332553,BNBUSDT,1.0,-0.0324953758197411,0.0281081280864858,False,True,True,False,False
2025-10-04,SOLUSDT,1.0,7.206179232855086e-05,BNBUSDT,1.0,0.0144514447099719,-0.01437938291764335,False,True,True,False,False
2025-10-05,SOLUSDT,1.0,0.0165820791039552,BNBUSDT,1.0,0.0478079117339682,-0.031225832630013,False,True,True,False,False
2025-10-06,DOGEUSDT,1.0,-0.0752099011389691,BNBUSDT,1.0,0.0664165011159345,-0.14162640225490358,False,True,True,False,False
2025-10-07,TRXUSDT,1.0,0.0091337673868009,BNBUSDT,1.0,0.0022768565580368,0.0068569108287641,False,True,True,False,False
2025-10-08,SOLUSDT,1.0,-0.0383244258143393,BNBUSDT,1.0,-0.0398118402937128,0.0014874144793734986,False,True,True,False,False
2025-10-09,TRXUSDT,1.0,-0.0516791332739684,BNBUSDT,1.0,-0.1217827697454891,0.07010363647152071,False,True,True,False,False
2025-10-10,TRXUSDT,1.0,-0.0190327613104523,TRXUSDT,1.0,-0.0220327613104523,0.002999999999999999,True,True,True,False,False
2025-10-11,TRXUSDT,1.0,0.0263994910941474,TRXUSDT,1.0,0.0263994910941474,0.0,True,True,True,False,False
2025-10-12,TRXUSDT,1.0,0.0,TRXUSDT,1.0,0.0,0.0,True,True,True,False,False
2025-10-13,TRXUSDT,1.0,-0.0182832352029748,TRXUSDT,1.0,-0.0182832352029748,0.0,True,True,True,False,False
2025-10-14,TRXUSDT,1.0,0.0075757575757573,TRXUSDT,1.0,0.0075757575757573,0.0,True,True,True,False,False
2025-10-15,CASH,0.0,-0.0015,CASH,0.0,-0.0015,0.0,True,False,False,False,False
2025-10-16,CASH,0.0,0.0,CASH,0.0,0.0,0.0,True,False,False,False,False
2025-10-17,CASH,0.0,0.0,CASH,0.0,0.0,0.0,True,False,False,False,False
2025-10-18,CASH,0.0,0.0,CASH,0.0,0.0,0.0,True,False,False,False,False
2025-10-19,CASH,0.0,0.0,CASH,0.0,0.0,0.0,True,False,False,False,False
2025-10-20,CASH,0.0,0.0,CASH,0.0,0.0,0.0,True,False,False,False,False
2025-10-21,CASH,0.0,0.0,CASH,0.0,0.0,0.0,True,False,False,False,False
2025-10-22,CASH,0.0,0.0,CASH,0.0,0.0,0.0,True,False,False,False,False
2025-10-23,CASH,0.0,0.0,CASH,0.0,0.0,0.0,True,False,False,False,False
2025-10-24,CASH,0.0,0.0,CASH,0.0,0.0,0.0,True,False,False,False,False
2025-10-25,CASH,0.0,0.0,CASH,0.0,0.0,0.0,True,False,False,False,False
2025-10-26,CASH,0.0,0.0,CASH,0.0,0.0,0.0,True,False,False,False,False
2025-10-27,CASH,0.0,0.0,CASH,0.0,0.0,0.0,True,False,False,False,False
2025-10-28,CASH,0.0,0.0,CASH,0.0,0.0,0.0,True,False,False,False,False
2025-10-29,CASH,0.0,0.0,CASH,0.0,0.0,0.0,True,False,False,False,False
2025-10-30,CASH,0.0,0.0,CASH,0.0,0.0,0.0,True,False,False,False,False
2025-10-31,CASH,0.0,0.0,CASH,0.0,0.0,0.0,True,False,False,False,False
2025-11-01,CASH,0.0,0.0,CASH,0.0,0.0,0.0,True,False,False,False,False
2025-11-02,CASH,0.0,0.0,CASH,0.0,0.0,0.0,True,False,False,False,False
2025-11-03,CASH,0.0,0.0,CASH,0.0,0.0,0.0,True,False,False,False,False
2025-11-04,CASH,0.0,0.0,CASH,0.0,0.0,0.0,True,False,False,False,False
2025-11-05,CASH,0.0,0.0,CASH,0.0,0.0,0.0,True,False,False,False,False
2025-11-06,CASH,0.0,0.0,CASH,0.0,0.0,0.0,True,False,False,False,False
2025-11-07,CASH,0.0,0.0,CASH,0.0,0.0,0.0,True,False,False,False,False
2025-11-08,CASH,0.0,0.0,CASH,0.0,0.0,0.0,True,False,False,False,False
2025-11-09,CASH,0.0,0.0,CASH,0.0,0.0,0.0,True,False,False,False,False
2025-11-10,CASH,0.0,0.0,CASH,0.0,0.0,0.0,True,False,False,False,False
2025-11-11,CASH,0.0,0.0,CASH,0.0,0.0,0.0,True,False,False,False,False
2025-11-12,CASH,0.0,0.0,CASH,0.0,0.0,0.0,True,False,False,False,False
2025-11-13,CASH,0.0,0.0,CASH,0.0,0.0,0.0,True,False,False,False,False
2025-11-14,CASH,0.0,0.0,CASH,0.0,0.0,0.0,True,False,False,False,False
2025-11-15,CASH,0.0,0.0,CASH,0.0,0.0,0.0,True,False,False,False,False
2025-11-16,CASH,0.0,0.0,CASH,0.0,0.0,0.0,True,False,False,False,False
2025-11-17,CASH,0.0,0.0,CASH,0.0,0.0,0.0,True,False,False,False,False
2025-11-18,CASH,0.0,0.0,CASH,0.0,0.0,0.0,True,False,False,False,False
2025-11-19,CASH,0.0,0.0,CASH,0.0,0.0,0.0,True,False,False,False,False
2025-11-20,CASH,0.0,0.0,CASH,0.0,0.0,0.0,True,False,False,False,False
2025-11-21,CASH,0.0,0.0,CASH,0.0,0.0,0.0,True,False,False,False,False
2025-11-22,CASH,0.0,0.0,CASH,0.0,0.0,0.0,True,False,False,False,False
2025-11-23,CASH,0.0,0.0,CASH,0.0,0.0,0.0,True,False,False,False,False
2025-11-24,CASH,0.0,0.0,CASH,0.0,0.0,0.0,True,False,False,False,False
2025-11-25,CASH,0.0,0.0,CASH,0.0,0.0,0.0,True,False,False,False,False
2025-11-26,CASH,0.0,0.0,CASH,0.0,0.0,0.0,True,False,False,False,False
2025-11-27,CASH,0.0,0.0,CASH,0.0,0.0,0.0,True,False,False,False,False
2025-11-28,CASH,0.0,0.0,CASH,0.0,0.0,0.0,True,False,False,False,False
2025-11-29,CASH,0.0,0.0,CASH,0.0,0.0,0.0,True,False,False,False,False
2025-11-30,CASH,0.0,0.0,CASH,0.0,0.0,0.0,True,False,False,False,False
2025-12-01,CASH,0.0,0.0,CASH,0.0,0.0,0.0,True,False,False,False,False
2025-12-02,CASH,0.0,0.0,CASH,0.0,0.0,0.0,True,False,False,False,False
2025-12-03,CASH,0.0,0.0,CASH,0.0,0.0,0.0,True,False,False,False,False
2025-12-04,CASH,0.0,0.0,CASH,0.0,0.0,0.0,True,False,False,False,False
2025-12-05,CASH,0.0,0.0,CASH,0.0,0.0,0.0,True,False,False,False,False
2025-12-06,CASH,0.0,0.0,CASH,0.0,0.0,0.0,True,False,False,False,False
2025-12-07,CASH,0.0,0.0,CASH,0.0,0.0,0.0,True,False,False,False,False
2025-12-08,CASH,0.0,0.0,CASH,0.0,0.0,0.0,True,False,False,False,False
2025-12-09,CASH,0.0,0.0,CASH,0.0,0.0,0.0,True,False,False,False,False
2025-12-10,CASH,0.0,0.0,CASH,0.0,0.0,0.0,True,False,False,False,False
2025-12-11,CASH,0.0,0.0,CASH,0.0,0.0,0.0,True,False,False,False,False
2025-12-12,CASH,0.0,0.0,CASH,0.0,0.0,0.0,True,False,False,False,False
2025-12-13,CASH,0.0,0.0,CASH,0.0,0.0,0.0,True,False,False,False,False
2025-12-14,CASH,0.0,0.0,CASH,0.0,0.0,0.0,True,False,False,False,False
2025-12-15,CASH,0.0,0.0,CASH,0.0,0.0,0.0,True,False,False,False,False
2025-12-16,CASH,0.0,0.0,CASH,0.0,0.0,0.0,True,False,False,False,False
2025-12-17,CASH,0.0,0.0,CASH,0.0,0.0,0.0,True,False,False,False,False
2025-12-18,CASH,0.0,0.0,CASH,0.0,0.0,0.0,True,False,False,False,False
2025-12-19,CASH,0.0,0.0,CASH,0.0,0.0,0.0,True,False,False,False,False
2025-12-20,CASH,0.0,0.0,CASH,0.0,0.0,0.0,True,False,False,False,False
2025-12-21,CASH,0.0,0.0,CASH,0.0,0.0,0.0,True,False,False,False,False
2025-12-22,CASH,0.0,0.0,CASH,0.0,0.0,0.0,True,False,False,False,False
2025-12-23,CASH,0.0,0.0,CASH,0.0,0.0,0.0,True,False,False,False,False
2025-12-24,CASH,0.0,0.0,CASH,0.0,0.0,0.0,True,False,False,False,False
2025-12-25,CASH,0.0,0.0,CASH,0.0,0.0,0.0,True,False,False,False,False
2025-12-26,CASH,0.0,0.0,CASH,0.0,0.0,0.0,True,False,False,False,False
2025-12-27,CASH,0.0,0.0,CASH,0.0,0.0,0.0,True,False,False,False,False
2025-12-28,CASH,0.0,0.0,CASH,0.0,0.0,0.0,True,False,False,False,False
2025-12-29,CASH,0.0,0.0,CASH,0.0,0.0,0.0,True,False,False,False,False
2025-12-30,CASH,0.0,0.0,CASH,0.0,0.0,0.0,True,False,False,False,False
2025-12-31,CASH,0.0,0.0,CASH,0.0,0.0,0.0,True,False,False,False,False
2026-01-01,CASH,0.0,0.0,CASH,0.0,0.0,0.0,True,False,False,False,False
2026-01-02,CASH,0.0,0.0,CASH,0.0,0.0,0.0,True,False,False,False,False
2026-01-03,CASH,0.0,0.0,CASH,0.0,0.0,0.0,True,False,False,False,False
2026-01-04,CASH,0.0,0.0,CASH,0.0,0.0,0.0,True,False,False,False,False
2026-01-05,CASH,0.0,0.0,CASH,0.0,0.0,0.0,True,False,False,False,False
2026-01-06,CASH,0.0,0.0,CASH,0.0,0.0,0.0,True,False,False,False,False
2026-01-07,CASH,0.0,0.0,CASH,0.0,0.0,0.0,True,False,False,False,False
2026-01-08,CASH,0.0,0.0,CASH,0.0,0.0,0.0,True,False,False,False,False
2026-01-09,CASH,0.0,0.0,CASH,0.0,0.0,0.0,True,False,False,False,False
2026-01-10,CASH,0.0,0.0,CASH,0.0,0.0,0.0,True,False,False,False,False
2026-01-11,CASH,0.0,0.0,CASH,0.0,0.0,0.0,True,False,False,False,False
2026-01-12,CASH,0.0,0.0,CASH,0.0,0.0,0.0,True,False,False,False,False
2026-01-13,CASH,0.0,0.0,CASH,0.0,0.0,0.0,True,False,False,False,False
2026-01-14,CASH,0.0,0.0,CASH,0.0,0.0,0.0,True,False,False,False,False
2026-01-15,CASH,0.0,0.0,CASH,0.0,0.0,0.0,True,False,False,False,False
2026-01-16,CASH,0.0,0.0,CASH,0.0,0.0,0.0,True,False,False,False,False
2026-01-17,CASH,0.0,0.0,CASH,0.0,0.0,0.0,True,False,False,False,False
2026-01-18,CASH,0.0,0.0,CASH,0.0,0.0,0.0,True,False,False,False,False
2026-01-19,CASH,0.0,0.0,CASH,0.0,0.0,0.0,True,False,False,False,False
2026-01-20,CASH,0.0,0.0,CASH,0.0,0.0,0.0,True,False,False,False,False
2026-01-21,CASH,0.0,0.0,CASH,0.0,0.0,0.0,True,False,False,False,False
2026-01-22,CASH,0.0,0.0,CASH,0.0,0.0,0.0,True,False,False,False,False
2026-01-23,CASH,0.0,0.0,CASH,0.0,0.0,0.0,True,False,False,False,False
2026-01-24,CASH,0.0,0.0,CASH,0.0,0.0,0.0,True,False,False,False,False
2026-01-25,CASH,0.0,0.0,CASH,0.0,0.0,0.0,True,False,False,False,False
2026-01-26,CASH,0.0,0.0,CASH,0.0,0.0,0.0,True,False,False,False,False
2026-01-27,CASH,0.0,0.0,CASH,0.0,0.0,0.0,True,False,False,False,False
2026-01-28,CASH,0.0,0.0,CASH,0.0,0.0,0.0,True,False,False,False,False
2026-01-29,CASH,0.0,0.0,CASH,0.0,0.0,0.0,True,False,False,False,False
2026-01-30,CASH,0.0,0.0,CASH,0.0,0.0,0.0,True,False,False,False,False
2026-01-31,CASH,0.0,0.0,CASH,0.0,0.0,0.0,True,False,False,False,False
2026-02-01,CASH,0.0,0.0,CASH,0.0,0.0,0.0,True,False,False,False,False
2026-02-02,CASH,0.0,0.0,CASH,0.0,0.0,0.0,True,False,False,False,False
2026-02-03,CASH,0.0,0.0,CASH,0.0,0.0,0.0,True,False,False,False,False
2026-02-04,CASH,0.0,0.0,CASH,0.0,0.0,0.0,True,False,False,False,False
2026-02-05,CASH,0.0,0.0,CASH,0.0,0.0,0.0,True,False,False,False,False
2026-02-06,CASH,0.0,0.0,CASH,0.0,0.0,0.0,True,False,False,False,False
2026-02-07,CASH,0.0,0.0,CASH,0.0,0.0,0.0,True,False,False,False,False
2026-02-08,CASH,0.0,0.0,CASH,0.0,0.0,0.0,True,False,False,False,False
2026-02-09,CASH,0.0,0.0,CASH,0.0,0.0,0.0,True,False,False,False,False
2026-02-10,CASH,0.0,0.0,CASH,0.0,0.0,0.0,True,False,False,False,False
2026-02-11,CASH,0.0,0.0,CASH,0.0,0.0,0.0,True,False,False,False,False
2026-02-12,CASH,0.0,0.0,CASH,0.0,0.0,0.0,True,False,False,False,False
2026-02-13,CASH,0.0,0.0,CASH,0.0,0.0,0.0,True,False,False,False,False
2026-02-14,CASH,0.0,0.0,CASH,0.0,0.0,0.0,True,False,False,False,False
2026-02-15,CASH,0.0,0.0,CASH,0.0,0.0,0.0,True,False,False,False,False
2026-02-16,CASH,0.0,0.0,CASH,0.0,0.0,0.0,True,False,False,False,False
2026-02-17,CASH,0.0,0.0,CASH,0.0,0.0,0.0,True,False,False,False,False
2026-02-18,CASH,0.0,0.0,CASH,0.0,0.0,0.0,True,False,False,False,False
2026-02-19,CASH,0.0,0.0,CASH,0.0,0.0,0.0,True,False,False,False,False
2026-02-20,CASH,0.0,0.0,CASH,0.0,0.0,0.0,True,False,False,False,False
2026-02-21,CASH,0.0,0.0,CASH,0.0,0.0,0.0,True,False,False,False,False
2026-02-22,CASH,0.0,0.0,CASH,0.0,0.0,0.0,True,False,False,False,False
2026-02-23,CASH,0.0,0.0,CASH,0.0,0.0,0.0,True,False,False,False,False
2026-02-24,CASH,0.0,0.0,CASH,0.0,0.0,0.0,True,False,False,False,False
2026-02-25,CASH,0.0,0.0,CASH,0.0,0.0,0.0,True,False,False,False,False
2026-02-26,CASH,0.0,0.0,CASH,0.0,0.0,0.0,True,False,False,False,False
2026-02-27,CASH,0.0,0.0,CASH,0.0,0.0,0.0,True,False,False,False,False
2026-02-28,CASH,0.0,0.0,CASH,0.0,0.0,0.0,True,False,False,False,False
2026-03-01,CASH,0.0,0.0,CASH,0.0,0.0,0.0,True,False,False,False,False
2026-03-02,CASH,0.0,0.0,CASH,0.0,0.0,0.0,True,False,False,False,False
2026-03-03,CASH,0.0,0.0,CASH,0.0,0.0,0.0,True,False,False,False,False
2026-03-04,CASH,0.0,0.0,CASH,0.0,0.0,0.0,True,False,False,False,False
2026-03-05,CASH,0.0,0.0,CASH,0.0,0.0,0.0,True,False,False,False,False
2026-03-06,CASH,0.0,0.0,CASH,0.0,0.0,0.0,True,False,False,False,False
2026-03-07,CASH,0.0,0.0,CASH,0.0,0.0,0.0,True,False,False,False,False
2026-03-08,CASH,0.0,0.0,CASH,0.0,0.0,0.0,True,False,False,False,False
2026-03-09,CASH,0.0,0.0,CASH,0.0,0.0,0.0,True,False,False,False,False
2026-03-10,CASH,0.0,0.0,CASH,0.0,0.0,0.0,True,False,False,False,False
2026-03-11,CASH,0.0,0.0,CASH,0.0,0.0,0.0,True,False,False,False,False
2026-03-12,CASH,0.0,0.0,CASH,0.0,0.0,0.0,True,False,False,False,False
2026-03-13,CASH,0.0,0.0,CASH,0.0,0.0,0.0,True,False,False,False,False
2026-03-14,CASH,0.0,0.0,CASH,0.0,0.0,0.0,True,False,False,False,False
2026-03-15,CASH,0.0,0.0,CASH,0.0,0.0,0.0,True,False,False,False,False
2026-03-16,CASH,0.0,0.0,CASH,0.0,0.0,0.0,True,False,False,False,False
