start_ts,end_ts,selected_mode,bars,days,sum_selected_ret_next,sum_best_available_next,sum_leader_gap_ret,compound_selected_ret_next,compound_best_available_next,compound_gap_approx,pain_bars_gt_2pct_gap,turnover_sum,cost_sum
2021-03-25,2021-04-22,BTCUSDT,29,29,0.12589936004332924,5.726074696249699,5.600175336206371,0.11349120335550644,129.48680978489088,129.3733185815354,28,5.0,0.007500000000000001
2024-11-06,2024-12-01,BTCUSDT,26,26,0.22995016341777552,3.6392565601870897,3.4093063967693134,0.24338903095075337,26.99247378245635,26.7490847515056,26,11.0,0.0165
2023-10-27,2023-12-06,TRXUSDT,41,41,0.10438341294043318,2.7854725152501962,2.6810891023097634,0.09986162278936606,13.048864095350527,12.949002472561162,37,23.0,0.0345
2020-07-30,2020-09-03,ETHUSDT,36,36,0.08975645385255371,2.67975874648298,2.5900022926304263,0.05451089517203567,11.256635210775208,11.202124315603172,30,22.0,0.033
2020-07-02,2020-07-20,ETHUSDT,19,19,0.21514794277043825,1.721737569013537,1.506589626243099,0.21895913507955966,3.7141430154695003,3.4951838803899404,13,6.0,0.009000000000000001
2023-12-09,2023-12-28,BTCUSDT,20,20,0.04578438735505852,1.5151531699844019,1.4693687826293433,0.03587875906003468,3.1975775320839963,3.1616987730239616,16,8.0,0.012
2021-08-25,2021-09-06,ETHUSDT,13,13,0.0217256246151023,1.5232002500366617,1.5014746254215592,0.00620222935463266,3.126849640158551,3.1206474108039184,12,5.0,0.0075
2021-10-19,2021-11-03,ETHUSDT,16,16,-0.015594796462773508,1.3456517934336127,1.3612465898963864,-0.02564997137688585,2.537592879812981,2.563242851189867,15,6.0,0.009000000000000001
2024-03-05,2024-03-17,BTCUSDT,13,13,0.06378746760240572,1.2468540163101995,1.1830665487077938,0.056217731780876745,2.242028546210646,2.185810814429769,12,6.0,0.009000000000000001
2024-12-03,2024-12-28,ETHUSDT,26,26,-0.04610196774148623,1.1495687886309365,1.1956707563724227,-0.057904126357808394,1.9761654004542093,2.0340695268120177,17,10.0,0.015
2023-03-19,2023-04-08,BTCUSDT,21,21,-0.015460777653497071,1.153510591281564,1.1689713689350612,-0.019119711379629423,1.9634969667655429,1.9826166781451722,15,6.0,0.009000000000000001
2020-12-30,2021-01-02,BTCUSDT,4,4,0.13836003373117012,1.371133015902953,1.2327729821717828,0.1428375019133845,1.9568961667485714,1.8140586648351869,4,0.0,0.0
2025-08-03,2025-08-20,ETHUSDT,18,18,0.11111215217521009,1.000034044583808,0.888921892408598,0.1016028347885396,1.5996469645701508,1.4980441297816112,17,5.0,0.007500000000000001
2023-01-13,2023-01-26,LTCUSDT,14,14,0.03659472206255909,0.9746808043235219,0.9380860822609628,0.03084773280760733,1.444149023685657,1.4133012908780496,10,1.0,0.0015
2024-02-25,2024-03-03,ETHUSDT,8,8,0.15593699927361937,0.983752418213587,0.8278154189399677,0.16551167998355076,1.5080115483358827,1.342499868352332,8,0.0,0.0
2025-02-02,2025-02-17,BTCUSDT,16,16,-0.018931808416450813,0.8328928542569094,0.8518246626733602,-0.020765995374234403,1.235018353229386,1.2557843486036204,15,0.0,0.0
2025-08-22,2025-09-16,SOLUSDT,26,26,0.049078790636827185,0.8571012660826617,0.8080224754458345,0.03734376834286701,1.2925769099150886,1.2552331415722215,17,10.0,0.015
2020-09-21,2020-10-04,BTCUSDT,14,14,0.0373561998691625,0.8781161038937012,0.8407599040245387,0.035997127832569475,1.265499403774844,1.2295022759422745,10,0.0,0.0
2021-11-12,2021-11-21,BNBUSDT,10,10,-0.1308167450436497,0.7317355817098399,0.8625523267534896,-0.13279463860772212,1.001436242999476,1.1342308816071982,10,2.0,0.003
2019-05-09,2019-05-16,BTCUSDT,8,8,0.18549538227172369,0.7958743826577954,0.6103790003860717,0.18457831790993318,1.0820865618697875,0.8975082439598543,5,0.0,0.0
2024-12-30,2025-01-11,BNBUSDT,13,13,-0.047133672326114096,0.6358869717426856,0.6830206440687997,-0.04842635620611413,0.8368830281269384,0.8853093843330525,11,6.0,0.009000000000000001
2020-09-05,2020-09-12,BTCUSDT,8,8,0.016786839540588905,0.6745734429918158,0.6577866034512269,0.016341601838946174,0.8922169214590949,0.8758753196201488,8,0.0,0.0
2020-12-15,2020-12-21,BTCUSDT,7,7,0.21258225125472918,0.7894975253003953,0.5769152740456661,0.22569046397099224,1.0926049695446411,0.8669145055736489,7,1.0,0.0015
2023-07-13,2023-07-20,TRXUSDT,8,8,-0.015337918553489538,0.5760547271878873,0.5913926457413768,-0.015665157263492824,0.7276238269821527,0.7432889842456455,8,1.0,0.0015
2025-07-16,2025-07-22,ETHUSDT,7,7,0.07574469776718029,0.5923030809785763,0.516558383211396,0.07621279309475404,0.7526978483333684,0.6764850552386144,7,0.0,0.0
2020-10-15,2020-10-27,BNBUSDT,13,13,-0.05705374992953827,0.489072555108065,0.5461263050376033,-0.060480412592776034,0.6015798962896288,0.6620603088824049,11,10.0,0.015
2020-11-21,2020-11-25,ETHUSDT,5,5,-0.05118369296302161,0.5243388747411216,0.5755225677041432,-0.058875712863220464,0.5637156245181856,0.622591337381406,4,2.0,0.003
2021-11-05,2021-11-10,BNBUSDT,6,6,0.03678575812487339,0.5276223319316,0.49083657380672663,0.03474394862506203,0.6475346093067644,0.6127906606817024,5,0.0,0.0
2020-11-12,2020-11-19,BTCUSDT,8,8,0.139397771664574,0.589551100323404,0.45015332865882995,0.1450914751292971,0.744910179773097,0.5998187046437999,5,0.0,0.0
2024-01-31,2024-02-09,TRXUSDT,10,10,0.1307325237289858,0.5613181845723032,0.4305856608433174,0.13777085676472955,0.720632284305649,0.5828614275409194,7,2.0,0.003
2020-05-31,2020-06-16,ETHUSDT,17,17,0.01745191347956132,0.47667948562055007,0.45922757214098875,0.0097162844928107,0.5842593361451345,0.5745430516523238,10,2.0,0.003
2024-01-03,2024-01-13,BNBUSDT,11,11,-0.050715303166031234,0.43244848175449857,0.4831637849205298,-0.051614946168461184,0.5161027153840405,0.5677176615525017,9,0.0,0.0
2024-05-20,2024-06-02,SOLUSDT,14,14,-0.09540770435502333,0.38152679675263523,0.47693450110765856,-0.0927535051674091,0.45010622989157456,0.5428597350589837,8,7.0,0.0105
2024-01-15,2024-01-23,TRXUSDT,9,9,-0.05937752135570695,0.4071951987603952,0.4665727201161022,-0.05879673420139475,0.4806486803825514,0.5394454145839461,7,10.0,0.015000000000000001
2021-10-11,2021-10-17,BTCUSDT,7,7,0.07951552176141041,0.4781567039915573,0.3986411822301469,0.07896960833528333,0.5747317515905608,0.49576214325527745,5,0.0,0.0
2023-02-14,2023-02-20,LTCUSDT,7,7,-0.017107034172831437,0.39678593246355365,0.4138929666363851,-0.021081193905239104,0.4582936955710877,0.4793748894763268,6,1.0,0.0015
2025-10-07,2025-10-12,BNBUSDT,6,6,-0.15195102369747016,0.298710448727451,0.45066147242492116,-0.14902474123849396,0.3264708605903188,0.4754956018288128,6,2.0,0.003
2020-07-22,2020-07-28,ETHUSDT,7,7,0.19223719288363983,0.5344844661599644,0.34224727327632454,0.20463335102752733,0.6619970575284351,0.45736370650090774,4,0.0,0.0
2020-12-23,2020-12-24,BTCUSDT,2,2,0.06280523493705625,0.449747754398067,0.38694251946101077,0.06369066783283617,0.4946836105040646,0.43099294267122845,2,0.0,0.0
2020-11-27,2020-12-02,BTCUSDT,6,6,0.13067196515060653,0.4122466021315444,0.2815746369809379,0.1331647560725151,0.47543725463129416,0.34227249855877906,5,1.0,0.0015
2020-12-26,2020-12-28,BTCUSDT,3,3,0.03364701962158623,0.33315740448217124,0.299510384860585,0.033654054841604,0.3707332263617831,0.3370791715201791,3,0.0,0.0
2020-06-24,2020-06-30,ETHUSDT,7,7,-0.013987280540999625,0.28342002256024856,0.2974073031012482,-0.015303947480603819,0.3081974602401245,0.32350140772072833,6,1.0,0.0015
2024-02-17,2024-02-23,ETHUSDT,7,7,-0.044546145365237044,0.2384487340352348,0.28299487940047185,-0.0445744082066305,0.26259397381827965,0.30716838202491015,5,2.0,0.003
2023-04-22,2023-04-30,BTCUSDT,9,9,0.004663683434250054,0.270852530855368,0.2661888474211179,0.0026640755841240704,0.3046248871309345,0.3019608115468104,5,3.0,0.0045000000000000005
2019-04-16,2019-04-19,BTCUSDT,4,4,0.022645424050284246,0.29024660513843803,0.2676011810881538,0.022809506505957033,0.3187720794611286,0.2959625729551716,3,1.0,0.0015
2025-01-18,2025-01-25,BTCUSDT,8,8,-0.016939633404412624,0.24862946794492968,0.2655691013493423,-0.018518552170444402,0.27546420473336997,0.29398275690381437,6,2.0,0.003
2025-07-24,2025-08-01,ETHUSDT,9,9,-0.08491609677465539,0.19401861994173675,0.27893471671639214,-0.08443621963128634,0.20881540401014398,0.2932516236414303,7,0.0,0.0
2024-01-25,2024-01-29,TRXUSDT,5,5,-9.147050065116957e-05,0.24388439062109812,0.2439758611217493,-0.0005351409204423785,0.26808887585964114,0.2686240167800835,5,0.0,0.0
2024-02-11,2024-02-15,LINKUSDT,5,5,-0.02989890401233697,0.21660277706265307,0.24650168107499004,-0.030481887881147807,0.2348009329519043,0.2652828208330521,5,4.0,0.006
2020-02-12,2020-02-15,ETHUSDT,4,4,-0.0214180678646817,0.22436992732033612,0.24578799518501782,-0.025927598404455465,0.23586775139560823,0.2617953498000637,4,1.0,0.0015
2019-04-05,2019-04-07,BNBUSDT,3,3,-0.07286719175392598,0.17766875378538338,0.25053594553930936,-0.07167311277154975,0.18795258705642626,0.259625699827976,3,1.0,0.0015
2025-01-27,2025-01-30,BNBUSDT,4,4,-0.029399944114884558,0.2100086436297961,0.23940858774468066,-0.02966545077071181,0.2227322177322988,0.2523976685030106,4,2.0,0.003
2021-08-23,2021-08-23,BNBUSDT,1,1,-0.05498336873321841,0.19424770187939977,0.24923107061261818,-0.05498336873321841,0.19424770187939977,0.24923107061261818,1,1.0,0.0015
2020-11-05,2020-11-10,BTCUSDT,6,6,0.008577161490716412,0.2263582249692082,0.2177810634784918,0.006043609950468376,0.23993371870590607,0.2338901087554377,3,0.0,0.0
2019-03-25,2019-03-28,LTCUSDT,4,4,0.014069681913105425,0.22849542281953616,0.21442574090643074,0.01297318867497621,0.24630845714565552,0.2333352684706793,3,3.0,0.0045000000000000005
2023-04-14,2023-04-18,ETHUSDT,5,5,-0.07861328532258771,0.14193941891597894,0.22055270423856665,-0.07917180558002646,0.14821670233421025,0.2273885079142367,5,0.0,0.0
2025-07-09,2025-07-14,BTCUSDT,6,6,0.12452647204749934,0.30605873261389416,0.18153226056639482,0.1303424878013797,0.34521938940956365,0.21487690160818396,4,3.0,0.0045000000000000005
2023-05-27,2023-05-31,TRXUSDT,5,5,-0.031177798662531564,0.1577933418009806,0.18897114046351215,-0.030974598237428652,0.1668078794201251,0.19778247765755375,4,1.0,0.0015
2019-03-31,2019-04-01,BNBUSDT,2,2,0.1221397171103824,0.3081098953525465,0.1859701782421641,0.12418460906851547,0.3183669407769376,0.19418233170842214,1,0.0,0.0
2025-02-19,2025-02-23,BTCUSDT,5,5,-0.05249164253756666,0.12212495767624687,0.17461660021381353,-0.052682737752856035,0.1255983088978989,0.17828104665075495,5,1.0,0.0015
2023-04-10,2023-04-12,BTCUSDT,3,3,0.024909407765219327,0.18613878199357115,0.16122937422835182,0.024850408302499405,0.1967306598402232,0.1718802515377238,3,0.0,0.0
2023-02-01,2023-02-04,LTCUSDT,4,4,-0.03707948922715576,0.12528693072478392,0.16236641995193968,-0.03687830160470462,0.13001688013879908,0.1668951817435037,4,0.0,0.0
2019-06-20,2019-06-23,BTCUSDT,4,4,0.13623325721085466,0.2672546939124134,0.13102143670155875,0.14257455546174658,0.29049381721478107,0.1479192617530345,2,3.0,0.0045000000000000005
2023-12-30,2024-01-01,BNBUSDT,3,3,-0.015408487861850673,0.12125778557514955,0.13666627343700022,-0.015452538631346546,0.12448929184537949,0.13994183047672604,3,0.0,0.0
2019-06-10,2019-06-11,BTCUSDT,2,2,0.018527744682753422,0.1491288401461326,0.13060109546337917,0.018150386771475846,0.15411625721316535,0.1359658704416895,2,1.0,0.0015
2025-09-23,2025-09-25,BNBUSDT,3,3,-0.04951873982477395,0.08161900291434687,0.13113774273912082,-0.05102491116335783,0.08201458460851474,0.13303949577187257,3,2.0,0.003
2025-09-18,2025-09-20,AVAXUSDT,3,3,-0.06202510539780748,0.0676142246362823,0.12963933003408978,-0.06109690252912747,0.06805023240642605,0.12914713493555352,2,0.0,0.0
2023-05-02,2023-05-08,BTCUSDT,7,7,-0.02961179687308002,0.09630970414809004,0.12592150102117006,-0.030324869350737305,0.09827473232294315,0.12859960167368045,2,2.0,0.003
2020-09-14,2020-09-17,BTCUSDT,4,4,0.024397742858909166,0.1421636533544297,0.11776591049552054,0.02451514603481897,0.1491635068464403,0.12464836081162134,2,0.0,0.0
2019-04-23,2019-04-27,BTCUSDT,5,5,-0.03346922283187925,0.08645905543413124,0.11992827826601049,-0.03382113880338089,0.08878592245968364,0.12260706126306453,4,0.0,0.0
2020-12-04,2020-12-06,BTCUSDT,3,3,0.027770337378274723,0.1411924532021085,0.11342211582383377,0.02768716368229951,0.1459032897697985,0.11821612608749898,2,0.0,0.0
2024-09-26,2024-09-28,TRXUSDT,3,3,0.0214369349486484,0.1321998808530176,0.11076294590436919,0.02154046997389014,0.1381089757150109,0.11656850574112076,3,1.0,0.0015
2024-10-28,2024-10-29,TRXUSDT,2,2,0.030227645765873445,0.13918617614269801,0.10895853037682457,0.03045066991473777,0.14364548494983298,0.11319481503509521,2,1.0,0.0015
2023-01-28,2023-01-30,LTCUSDT,3,3,0.05083698245684376,0.15485742642116407,0.10402044396432031,0.04929184788669572,0.158956043956044,0.1096641960693483,2,0.0,0.0
2025-01-15,2025-01-16,SOLUSDT,2,2,0.0652904427139045,0.1666479320161509,0.10135748930224642,0.06630719906732718,0.17320559715689088,0.1068983980895637,2,2.0,0.003
2020-12-10,2020-12-13,BTCUSDT,4,4,0.05545692887947451,0.1556362316397526,0.10017930276027809,0.05579461210662706,0.1626868920664455,0.10689227995981843,2,0.0,0.0
2021-05-11,2021-05-11,BTCUSDT,1,1,-0.12420500292747383,-0.018613318963581538,0.10559168396389229,-0.12420500292747383,-0.018613318963581538,0.10559168396389229,1,1.0,0.0015
2023-02-06,2023-02-08,LTCUSDT,3,3,-0.03713217938518032,0.06547363090703051,0.10260581029221083,-0.04044615865735435,0.06483394919920271,0.10528010785655706,2,0.0,0.0
2023-07-01,2023-07-03,TRXUSDT,3,3,-0.002706591968202221,0.08468847735787488,0.0873950693260771,-0.0029769609112088036,0.0862745038303403,0.0892514647415491,1,1.0,0.0015
2019-05-01,2019-05-02,BTCUSDT,2,2,0.0713150443242716,0.15461849870901645,0.08330345438474485,0.07235287561301829,0.16059072757296788,0.0882378519599496,2,0.0,0.0
2019-06-26,2019-06-26,BTCUSDT,1,1,-0.13470573859383828,-0.047592811519730494,0.08711292707410778,-0.13470573859383828,-0.047592811519730494,0.08711292707410778,1,0.0,0.0
2025-05-24,2025-05-27,BTCUSDT,4,4,-0.003803655993813937,0.07793154442739403,0.08173520042120797,-0.0038981304546110707,0.07995120451812543,0.0838493349727365,2,3.0,0.0045000000000000005
2019-05-04,2019-05-05,BTCUSDT,2,2,-0.014052677608748065,0.06928509526285609,0.08333777287160415,-0.014008182590124263,0.0697892084316627,0.08379739102178696,1,0.0,0.0
2025-09-29,2025-09-30,BNBUSDT,2,2,-0.0028262103623375445,0.07827327759813452,0.08109948796047206,-0.0031948261295993152,0.0783782267991,0.08157305292869932,2,0.0,0.0
2023-02-28,2023-03-02,LTCUSDT,3,3,-0.03264616106898244,0.046206033262631174,0.07885219433161361,-0.034541577825159764,0.04614877540601192,0.08069035323117169,2,0.0,0.0
2023-10-23,2023-10-23,SOLUSDT,1,1,-0.053638644918444056,0.02578591647593509,0.07942456139437915,-0.053638644918444056,0.02578591647593509,0.07942456139437915,1,1.0,0.0015
2019-04-29,2019-04-29,BTCUSDT,1,1,0.01578231967835908,0.0950346250184173,0.07925230534005823,0.01578231967835908,0.0950346250184173,0.07925230534005823,1,0.0,0.0
2021-11-26,2021-11-26,ETHUSDT,1,1,0.013384638226269452,0.08871199769828331,0.07532735947201386,0.013384638226269452,0.08871199769828331,0.07532735947201386,1,1.0,0.0015
2020-10-30,2020-10-31,BTCUSDT,2,2,0.014888821815228881,0.08832747022156395,0.07343864840633507,0.014852397843673648,0.09012158242300816,0.07526918457933451,1,0.0,0.0
2019-04-09,2019-04-09,ETHUSDT,1,1,0.014432989690721598,0.07951254826254828,0.06507955857182668,0.014432989690721598,0.07951254826254828,0.06507955857182668,1,2.0,0.003
2020-02-09,2020-02-09,LINKUSDT,1,1,-0.030991558162827282,0.03143970467596402,0.0624312628387913,-0.030991558162827282,0.03143970467596402,0.0624312628387913,1,1.0,0.0015
2023-06-02,2023-06-03,TRXUSDT,2,2,-0.015536472696205728,0.04489701801136681,0.060433490707572535,-0.015485119767723265,0.0452904478607028,0.060775567628426064,2,1.0,0.0015
2023-04-20,2023-04-20,ETHUSDT,1,1,-0.04848222832967919,0.009745363093366821,0.05822759142304601,-0.04848222832967919,0.009745363093366821,0.05822759142304601,1,0.0,0.0
2023-07-23,2023-07-23,TRXUSDT,1,1,-0.02267002518891692,0.03342618384401108,0.056096209032928,-0.02267002518891692,0.03342618384401108,0.056096209032928,1,1.0,0.0015
2021-11-28,2021-11-28,ETHUSDT,1,1,0.03486790941561613,0.09029161383807272,0.05542370442245659,0.03486790941561613,0.09029161383807272,0.05542370442245659,1,0.0,0.0
2019-06-06,2019-06-08,BTCUSDT,3,3,-0.01963130069755581,0.0347834438550223,0.05441474455257811,-0.020364210769645785,0.033642624094883056,0.05400683486452884,2,1.0,0.0015
2023-02-11,2023-02-11,LTCUSDT,1,1,-0.018773865082732266,0.03267659778952425,0.05145046287225652,-0.018773865082732266,0.03267659778952425,0.05145046287225652,1,1.0,0.0015
2023-02-22,2023-02-23,LTCUSDT,2,2,-0.03938051748191784,0.008787756271554148,0.04816827375347199,-0.03914777497900923,0.008237980345174423,0.047385755324183654,1,0.0,0.0
2023-07-29,2023-07-29,TRXUSDT,1,1,-0.038812785388127824,0.008306709265175627,0.04711949465330345,-0.038812785388127824,0.008306709265175627,0.04711949465330345,1,1.0,0.0015
2019-04-21,2019-04-21,BTCUSDT,1,1,0.01921562211052219,0.06412005457025916,0.044904432459736965,0.01921562211052219,0.06412005457025916,0.044904432459736965,1,0.0,0.0
2021-12-02,2021-12-02,TRXUSDT,1,1,-0.03712820512820514,0.005010205975134463,0.0421384111033396,-0.03712820512820514,0.005010205975134463,0.0421384111033396,1,1.0,0.0015
2021-11-23,2021-11-24,ETHUSDT,2,2,0.04369314379941791,0.08131642000189554,0.03762327620247763,0.04272671128071859,0.08120453391981042,0.03847782263909183,1,0.0,0.0
2020-12-08,2020-12-08,BTCUSDT,1,1,0.01185159879524833,0.04787535410764887,0.03602375531240054,0.01185159879524833,0.04787535410764887,0.03602375531240054,1,0.0,0.0
2019-07-04,2019-07-04,BNBUSDT,1,1,-0.016083992166533556,0.01787424194063214,0.0339582341071657,-0.016083992166533556,0.01787424194063214,0.0339582341071657,1,1.0,0.0015
2025-10-03,2025-10-03,BNBUSDT,1,1,-0.03249537581974116,0.0013008050265068682,0.033796180846248025,-0.03249537581974116,0.0013008050265068682,0.033796180846248025,1,0.0,0.0
2023-02-25,2023-02-26,LTCUSDT,2,2,0.010163210461371364,0.04092612126185413,0.030762910800482768,0.00987654320987641,0.04098857968944203,0.03111203647956562,0,0.0,0.0
2024-10-21,2024-10-22,TRXUSDT,2,2,0.011994949494949392,0.041655479709870935,0.029660530214921543,0.011994949494949392,0.04208738244268506,0.03009243294773567,0,0.0,0.0
2020-11-03,2020-11-03,BTCUSDT,1,1,0.008591274807412841,0.03766628854284826,0.029075013735435418,0.008591274807412841,0.03766628854284826,0.029075013735435418,1,0.0,0.0
2019-06-14,2019-06-14,BTCUSDT,1,1,0.018346820809248543,0.04196969696969699,0.023622876160448447,0.018346820809248543,0.04196969696969699,0.023622876160448447,1,0.0,0.0
2024-06-06,2024-06-06,BNBUSDT,1,1,-0.03824521934758163,-0.018381392107326477,0.01986382724025515,-0.03824521934758163,-0.018381392107326477,0.01986382724025515,0,0.0,0.0
2025-09-27,2025-09-27,BNBUSDT,1,1,0.02536011151840567,0.04418928322894922,0.018829171710543546,0.02536011151840567,0.04418928322894922,0.018829171710543546,0,0.0,0.0
2025-10-05,2025-10-05,BNBUSDT,1,1,0.047807911733968256,0.06386066763425235,0.0160527559002841,0.047807911733968256,0.06386066763425235,0.0160527559002841,0,0.0,0.0
2021-03-23,2021-03-23,BTCUSDT,1,1,-0.03749000062383956,-0.02717010497736283,0.010319895646476729,-0.03749000062383956,-0.02717010497736283,0.010319895646476729,0,1.0,0.0015
2020-09-19,2020-09-19,BTCUSDT,1,1,-0.014472977668277487,-0.006164653596645198,0.00830832407163229,-0.014472977668277487,-0.006164653596645198,0.00830832407163229,0,0.0,0.0
2019-05-07,2019-05-07,BTCUSDT,1,1,0.024109100736529054,0.02851153039832277,0.004402429661793716,0.024109100736529054,0.02851153039832277,0.004402429661793716,0,0.0,0.0
2020-06-18,2020-06-18,LINKUSDT,1,1,-0.010503440782325235,-0.0071617497456765156,0.0033416910366487196,-0.010503440782325235,-0.0071617497456765156,0.0033416910366487196,0,0.0,0.0
2024-06-04,2024-06-04,BNBUSDT,1,1,0.01910456467843069,0.021398684997011364,0.0022941203185806724,0.01910456467843069,0.021398684997011364,0.0022941203185806724,0,0.0,0.0
2023-03-17,2023-03-17,BTCUSDT,1,1,-0.017800244057976755,-0.015534491837809417,0.0022657522201673386,-0.017800244057976755,-0.015534491837809417,0.0022657522201673386,0,1.0,0.0015
